CREATE DATABASE `university` /*!40100 DEFAULT CHARACTER SET utf8 */;
USE `university`;

CREATE TABLE `Australian_Students` (
  `student_no` varchar(7) NOT NULL
) ENGINE=InnoDB DEFAULT CHARSET=utf8;

INSERT INTO `Australian_Students` (`student_no`) VALUES
('3012120'),
('3056854'),
('3996587'),
('3114524'),
('3225641'),
('3325415'),
('3225684'),
('3222215'),
('3665982'),
('3226511'),
('4002156'),
('4112503'),
('4556258'),
('4112795'),
('4001236'),
('4552136'),
('4223598'),
('4889675'),
('4021658'),
('4778748');

CREATE TABLE `Courses` (
  `course_no` varchar(7) NOT NULL,
  `course_name` varchar(31) NOT NULL,
  `course_description` varchar(31) NOT NULL,
  `duration` int(11) NOT NULL
) ENGINE=InnoDB DEFAULT CHARSET=utf8;

INSERT INTO `Courses` (`course_no`, `course_name`, `course_description`, `duration`) VALUES
('INFS120',	'Information Systems ',	'Introduction to information ..',	1),
('COMP130',	'Computer Systems    ',	'Digital logic and digital s ..',	1),
('COMP150',	'Programming         ',	'Object-oriented introduction..',	1),
('COMP150',	'Interface Design    ',	'Principles of human computer..',	1),
('COMP180',	'Technology Project  ',	'Introduction to the discipli..',	1),
('COGS100',	'Minds and Machines  ',	'Aims to introduce basic iss...',	1),
('ELEC100',	'Electrical Eng.     ',	'Fundamental concepts of ...   ',	1),
('IENV120',	'Information Envir.  ',	'Introduction, overview ...    ',	1),
('INFS220',	'Database Systems    ',	'Concepts needed to build lar..',	1),
('COMP200',	'Computer Science    ',	'Specialist lectures/projects..',	1),
('COMP210',	'Digital Systems     ',	'Data representation and codi..',	1),
('COMP280',	'Engineering Studio  ',	'Programming studio projects ..',	1),
('COMS200',	'Computer Networks   ',	'Models for computer and tele..',	1),
('COMP230',	'Interface Program   ',	'Software projects invol...    ',	1),
('COMP230',	'Computer Org.       ',	'Introduction to the fun...    ',	1),
('COMP250',	'Large Programming   ',	'Program and data structures ..',	1),
('INFS310',	'Information Science ',	'Fundamentals of representati..',	1),
('INFS320',	'Database Systems    ',	'Advanced database systems: d..',	1),
('COMP320',	'Computer Graphics   ',	'Graphics programming include..',	1),
('COMP320',	'Visualisation       ',	'Fundamentals of computer mod..',	1),
('COMS310',	'Communications      ',	'Signals and noise. Baseband ..',	1),
('COMP330',	'Operating Systems   ',	'Processes, process sched...   ',	1),
('COMP340',	'Logic Programming   ',	'Comparison of models of ...   ',	1),
('COMP340',	'Compilers           ',	'Compiler modules: prog ...    ',	1),
('INFS410',	'Information Science ',	'Readings in advanced topics ..',	1),
('INFS420',	'Database Topics     ',	'Selected advanced topics fro..',	1),
('COMP460',	'Software Development',	'Refinement: rigorous develop..',	1),
('COMP460',	'Software Engineering',	'Techniques and tools for bui..',	1),
('COMS410',	'Communications      ',	'Statistical theory of digita..',	1),
('COMP460',	'Software Testing    ',	'Mathematics for software ...  ',	1),
('COMP450',	'Advanced HCI        ',	'Design Languages and ...      ',	1),
('COMP440',	'Software Envir.     ',	'Tools for software dev...     ',	1);

CREATE TABLE `Course_Offerings` (
  `course_no` varchar(7) NOT NULL,
  `semester` varchar(7) NOT NULL,
  `year` int(11) NOT NULL
) ENGINE=InnoDB DEFAULT CHARSET=utf8;

INSERT INTO `Course_Offerings` (`course_no`, `semester`, `year`) VALUES
('INFS120',	'1     ',	2012),
('INFS120',	'1     ',	2013),
('INFS120',	'1     ',	2014),
('INFS120',	'1     ',	2015),
('COMP130',	'1     ',	2012),
('COMP130',	'1     ',	2013),
('COMP130',	'1     ',	2014),
('COMP130',	'1     ',	2015),
('COMP150',	'1     ',	2012),
('COMP150',	'1     ',	2013),
('COMP150',	'1     ',	2014),
('COMP150',	'1     ',	2015),
('COMP150',	'1     ',	2012),
('COMP150',	'1     ',	2013),
('COMP150',	'1     ',	2014),
('COMP150',	'1     ',	2015),
('COMP180',	'2     ',	2012),
('COMP180',	'2     ',	2013),
('COMP180',	'2     ',	2014),
('COMP180',	'2     ',	2015),
('COGS100',	'2     ',	2012),
('COGS100',	'2     ',	2013),
('COGS100',	'2     ',	2014),
('COGS100',	'2     ',	2015),
('ELEC100',	'2     ',	2012),
('ELEC100',	'2     ',	2013),
('ELEC100',	'2     ',	2014),
('ELEC100',	'2     ',	2015),
('IENV120',	'2     ',	2012),
('IENV120',	'2     ',	2013),
('IENV120',	'2     ',	2014),
('IENV120',	'2     ',	2015),
('INFS220',	'1     ',	2012),
('INFS220',	'1     ',	2013),
('INFS220',	'1     ',	2014),
('INFS220',	'1     ',	2015),
('COMP200',	'1     ',	2012),
('COMP200',	'1     ',	2013),
('COMP200',	'1     ',	2014),
('COMP200',	'1     ',	2015),
('COMP210',	'1     ',	2012),
('COMP210',	'1     ',	2013),
('COMP210',	'1     ',	2014),
('COMP210',	'1     ',	2015),
('COMP280',	'1     ',	2012),
('COMP280',	'1     ',	2013),
('COMP280',	'1     ',	2014),
('COMP280',	'1     ',	2015),
('COMS200',	'2     ',	2012),
('COMS200',	'2     ',	2013),
('COMS200',	'2     ',	2014),
('COMS200',	'2     ',	2015),
('COMP230',	'2     ',	2012),
('COMP230',	'2     ',	2013),
('COMP230',	'2     ',	2014),
('COMP230',	'2     ',	2015),
('COMP230',	'2     ',	2012),
('COMP230',	'2     ',	2013),
('COMP230',	'2     ',	2014),
('COMP230',	'2     ',	2015),
('COMP250',	'2     ',	2012),
('COMP250',	'2     ',	2013),
('COMP250',	'2     ',	2014),
('COMP250',	'2     ',	2015),
('INFS310',	'1     ',	2012),
('INFS310',	'1     ',	2013),
('INFS310',	'1     ',	2014),
('INFS310',	'1     ',	2015),
('INFS320',	'1     ',	2012),
('INFS320',	'1     ',	2013),
('INFS320',	'1     ',	2014),
('INFS320',	'1     ',	2015),
('COMP320',	'1     ',	2012),
('COMP320',	'1     ',	2013),
('COMP320',	'1     ',	2014),
('COMP320',	'1     ',	2015),
('COMP320',	'1     ',	2012),
('COMP320',	'1     ',	2013),
('COMP320',	'1     ',	2014),
('COMP320',	'1     ',	2015),
('COMS310',	'2     ',	2012),
('COMS310',	'2     ',	2013),
('COMS310',	'2     ',	2014),
('COMS310',	'2     ',	2015),
('COMP330',	'2     ',	2012),
('COMP330',	'2     ',	2013),
('COMP330',	'2     ',	2014),
('COMP330',	'2     ',	2015),
('COMP340',	'2     ',	2012),
('COMP340',	'2     ',	2013),
('COMP340',	'2     ',	2014),
('COMP340',	'2     ',	2015),
('COMP340',	'2     ',	2012),
('COMP340',	'2     ',	2013),
('COMP340',	'2     ',	2014),
('COMP340',	'2     ',	2015),
('INFS410',	'1     ',	2012),
('INFS410',	'1     ',	2013),
('INFS410',	'1     ',	2014),
('INFS410',	'1     ',	2015),
('INFS420',	'1     ',	2012),
('INFS420',	'1     ',	2013),
('INFS420',	'1     ',	2014),
('INFS420',	'1     ',	2015),
('COMP460',	'1     ',	2012),
('COMP460',	'1     ',	2013),
('COMP460',	'1     ',	2014),
('COMP460',	'1     ',	2015),
('COMP460',	'1     ',	2012),
('COMP460',	'1     ',	2013),
('COMP460',	'1     ',	2014),
('COMP460',	'1     ',	2015),
('COMS410',	'2     ',	2012),
('COMS410',	'2     ',	2013),
('COMS410',	'2     ',	2014),
('COMS410',	'2     ',	2015),
('COMP460',	'2     ',	2012),
('COMP460',	'2     ',	2013),
('COMP460',	'2     ',	2014),
('COMP460',	'2     ',	2015),
('COMP450',	'2     ',	2012),
('COMP450',	'2     ',	2013),
('COMP450',	'2     ',	2014),
('COMP450',	'2     ',	2015),
('COMP440',	'2     ',	2012),
('COMP440',	'2     ',	2013),
('COMP440',	'2     ',	2014),
('COMP440',	'2     ',	2015);

CREATE TABLE `Foreign_Students` (
  `student_no` varchar(7) NOT NULL,
  `nationality` varchar(31) NOT NULL,
  `visa_expiry_date` datetime NOT NULL,
  `english_proficiency` varchar(7) NOT NULL
) ENGINE=InnoDB DEFAULT CHARSET=utf8;

INSERT INTO `Foreign_Students` (`student_no`, `nationality`, `visa_expiry_date`, `english_proficiency`) VALUES
('3669854',	'Korean              ',	'2016-09-12 00:00:00',	'low   '),
('3232698',	'Japanese            ',	'2016-10-10 00:00:00',	'medium'),
('3444785',	'English             ',	'2017-09-12 00:00:00',	'medium'),
('3371528',	'Scottish            ',	'2019-03-20 00:00:00',	'medium'),
('3326558',	'Irish               ',	'2018-01-01 00:00:00',	'high  '),
('3002100',	'Korean              ',	'2015-05-19 00:00:00',	'low   '),
('3665256',	'Japanese            ',	'2018-01-12 00:00:00',	'medium'),
('3220012',	'Malysian            ',	'2016-07-22 00:00:00',	'medium'),
('3002569',	'Irish               ',	'2015-06-30 00:00:00',	'medium'),
('3444852',	'Russian             ',	'2016-04-11 00:00:00',	'high  '),
('4665264',	'Japanese            ',	'2016-01-19 00:00:00',	'low   '),
('4552895',	'Korean              ',	'2017-03-21 00:00:00',	'medium'),
('4778213',	'Chinese             ',	'2017-07-22 00:00:00',	'medium'),
('4002135',	'Japanese            ',	'2019-12-25 00:00:00',	'medium'),
('4012120',	'Irish               ',	'2017-05-09 00:00:00',	'high  '),
('4550021',	'Chinese             ',	'2016-05-23 00:00:00',	'low   '),
('4630202',	'Japanese            ',	'2017-10-10 00:00:00',	'medium'),
('4558231',	'Russian             ',	'2019-12-09 00:00:00',	'medium'),
('4002365',	'Chinese             ',	'2016-03-05 00:00:00',	'medium'),
('4552630',	'Korean              ',	'2018-01-11 00:00:00',	'high  ');

CREATE TABLE `Postgraduate_no_Thesis` (
  `student_no` varchar(7) NOT NULL,
  `highest_degree_held` varchar(31) NOT NULL
) ENGINE=InnoDB DEFAULT CHARSET=utf8;

INSERT INTO `Postgraduate_no_Thesis` (`student_no`, `highest_degree_held`) VALUES
('4552136',	'B. Phil             '),
('4223598',	'B. Physics          '),
('4889675',	'B. Maths            '),
('4021658',	'B. Accounting       '),
('4778748',	'B. Finacial Law     '),
('4550021',	'B. Anger Management '),
('4630202',	'M. Phil             '),
('4558231',	'M. Science          '),
('4002365',	'B. Phil             '),
('4552630',	'B. Inf Tech         ');

CREATE TABLE `Postgraduate_Thesis` (
  `student_no` varchar(7) NOT NULL,
  `primary_supervisor_no` varchar(7) NOT NULL,
  `co_supervisor_no` varchar(7) NOT NULL,
  `thesis_title` varchar(31) NOT NULL,
  `highest_degree_held` varchar(31) NOT NULL
) ENGINE=InnoDB DEFAULT CHARSET=utf8;

INSERT INTO `Postgraduate_Thesis` (`student_no`, `primary_supervisor_no`, `co_supervisor_no`, `thesis_title`, `highest_degree_held`) VALUES
('4002156',	'2088564',	'2001526',	'Multilinear Processing        ',	'B. Inf Tech         '),
('4112503',	'2130025',	'2230122',	'Spiatial Databases            ',	'B. Phil             '),
('4556258',	'2088564',	'2889623',	'Distributed Databases         ',	'B. Edu              '),
('4112795',	'2011526',	'2011236',	'Heirarchial Databases         ',	'B. Phisiotherapy    '),
('4001236',	'2011526',	'2300256',	'Network Databases             ',	'B. Science          '),
('4665264',	'2088564',	'2001526',	'Jumper Cables                 ',	'M. Inf Tech         '),
('4552895',	'2335152',	'2230122',	'Serial Ports                  ',	'B. Medicine         '),
('4778213',	'2500325',	'2001526',	'Populate Distribution         ',	'B. Science          '),
('4002135',	'2130025',	'2889623',	'Embedded Systems              ',	'B. Science          '),
('4012120',	'2335152',	'2011236',	'Code Comparison               ',	'B. Inf Tech         ');

CREATE TABLE `Staff` (
  `staff_no` varchar(7) NOT NULL,
  `first_name` varchar(15) NOT NULL,
  `surname` varchar(15) NOT NULL,
  `street_address` varchar(31) NOT NULL,
  `suburb` varchar(31) NOT NULL,
  `city` varchar(31) NOT NULL,
  `state` varchar(31) NOT NULL,
  `country` varchar(31) NOT NULL,
  `postcode` varchar(15) NOT NULL,
  `home_phone` varchar(15) NOT NULL,
  `phd_title` varchar(15) DEFAULT NULL,
  `room_no` varchar(3) NOT NULL,
  `building_no` varchar(3) NOT NULL,
  `uni_phone` varchar(15) NOT NULL,
  `date_tenured` datetime DEFAULT NULL,
  `job_title` varchar(31) NOT NULL
) ENGINE=InnoDB DEFAULT CHARSET=utf8;

INSERT INTO `Staff` (`staff_no`, `first_name`, `surname`, `street_address`, `suburb`, `city`, `state`, `country`, `postcode`, `home_phone`, `phd_title`, `room_no`, `building_no`, `uni_phone`, `date_tenured`, `job_title`) VALUES
('2256232',	'Xiaofang       ',	'Zhou           ',	'12 Upland Rd                  ',	'St Lucia            ',	'Brisbane            ',	'QLD                 ',	'Australia           ',	'4067      ',	'5562 5541      ',	NULL,	'638',	'78 ',	'3365 3248      ',	'2015-01-01 00:00:00',	'Associate Professor '),
('2500325',	'Benjamin       ',	'Long           ',	'43 Warren St                  ',	'St Lucia            ',	'Brisbane            ',	'QLD                 ',	'Australia           ',	'4067      ',	'3780 9564      ',	NULL,	'429',	'78 ',	'3365 1624      ',	NULL,	'Tutor               '),
('2335152',	'Wendy          ',	'Johnston       ',	'33 Hood St                    ',	'St Lucia            ',	'Brisbane            ',	'QLD                 ',	'Australia           ',	'4067      ',	'3720 9654      ',	NULL,	'459',	'78 ',	'3365 1656      ',	NULL,	'Professor           '),
('2130025',	'Xue            ',	'Li             ',	'21 Dell Rd                    ',	'St Lucia            ',	'Brisbane            ',	'QLD                 ',	'Australia           ',	'4067      ',	'3369 5214      ',	NULL,	'650',	'78 ',	'3365 2379      ',	NULL,	'Senior Professor    '),
('2088564',	'Peter          ',	'Kootsookos     ',	'10 Hillslide Tce              ',	'St Lucia            ',	'Brisbane            ',	'QLD                 ',	'Australia           ',	'4067      ',	'3369 5218      ',	NULL,	'306',	'47 ',	'3365 3982      ',	'2013-09-12 00:00:00',	'Associate Professor '),
('2011526',	'Jadwiga        ',	'Indulska       ',	'24 Moffat St                  ',	'Milton              ',	'Brisbane            ',	'QLD                 ',	'Australia           ',	'4077      ',	'3369 8542      ',	NULL,	'852',	'78 ',	'3365 8985      ',	'2012-01-02 00:00:00',	'Tutor               '),
('2011236',	'Udantha        ',	'Abeyratne      ',	'225 Heusler St                ',	'Milton              ',	'Brisbane            ',	'QLD                 ',	'Australia           ',	'4077      ',	'3371 5265      ',	NULL,	'445',	'78 ',	'3365 4478      ',	'2010-10-04 00:00:00',	'Tutor               '),
('2001526',	'Len            ',	'Allen          ',	'27 Milton Rd                  ',	'Milton              ',	'Brisbane            ',	'QLD                 ',	'Australia           ',	'4077      ',	'3251 8895      ',	NULL,	'774',	'78 ',	'3365 2250      ',	'2006-07-26 00:00:00',	'Lecturer            '),
('2889623',	'Peter          ',	'Allen          ',	'110 Ross St                   ',	'Milton              ',	'Brisbane            ',	'QLD                 ',	'Australia           ',	'4077      ',	'3365 2321      ',	NULL,	'223',	'78 ',	'3365 8896      ',	'2002-03-27 00:00:00',	'Associate Professor '),
('2230122',	'Gearty         ',	'Aylward        ',	'20 Fernberg Rd                ',	'Milton              ',	'Brisbane            ',	'QLD                 ',	'Australia           ',	'4077      ',	'3360 2563      ',	NULL,	'110',	'78 ',	'3365 4456      ',	'2000-11-10 00:00:00',	'Professor           '),
('2300256',	'Paul           ',	'Bailes         ',	'88 Priory St                  ',	'Indooroopilly       ',	'Brisbane            ',	'QLD                 ',	'Australia           ',	'4078      ',	'3371 8965      ',	'NQMIS: ...',	'123',	'78 ',	'3365 8552      ',	NULL,	'Tutor               '),
('2522102',	'Pascal         ',	'Bamford        ',	'103 Central Ave               ',	'Indooroopilly       ',	'Brisbane            ',	'QLD                 ',	'Australia           ',	'4078      ',	'3352 6589      ',	'A Distr...',	'222',	'78 ',	'3365 8859      ',	NULL,	'Tutor               '),
('2988567',	'Peter          ',	'Bartlet        ',	'85 Clarence Rd                ',	'Indooroopilly       ',	'Brisbane            ',	'QLD                 ',	'Australia           ',	'4078      ',	'3789 5621      ',	'LSZTM: ...',	'835',	'78 ',	'3365 2214      ',	NULL,	'Tutor               '),
('2633512',	'Su             ',	'Basu           ',	'25 Manchester Tce             ',	'Indooroopilly       ',	'Brisbane            ',	'QLD                 ',	'Australia           ',	'4078      ',	'3378 7878      ',	'Issues ...',	'234',	'78 ',	'3365 2214      ',	NULL,	'Associate Professor '),
('2633541',	'Colin          ',	'Beech          ',	'22 Taringa Pde                ',	'Indooroopilly       ',	'Brisbane            ',	'QLD                 ',	'Australia           ',	'4078      ',	'3365 9965      ',	'VNET: a...',	'832',	'78 ',	'3365 8896      ',	NULL,	'Professor           '),
('2366485',	'Keith          ',	'Bell           ',	'203 Frederick St              ',	'Toowong             ',	'Brisbane            ',	'QLD                 ',	'Australia           ',	'4079      ',	'3369 5525      ',	'A Paral...',	'345',	'78 ',	'3365 8952      ',	'2002-07-10 00:00:00',	'Professor           '),
('2522563',	'Neil           ',	'Bergmann       ',	'89 Ennever St                 ',	'Toowong             ',	'Brisbane            ',	'QLD                 ',	'Australia           ',	'4079      ',	'3255 6985      ',	'A New D...',	'222',	'78 ',	'3365 5222      ',	'2012-08-10 00:00:00',	'Associate Professor '),
('2322001',	'Barry          ',	'Bettridge      ',	'24 Birdwood Tce               ',	'Toowong             ',	'Brisbane            ',	'QLD                 ',	'Australia           ',	'4079      ',	'3255 4152      ',	'Transit...',	'999',	'78 ',	'3365 5999      ',	'2004-03-12 00:00:00',	'Senior Lecturer     '),
('2896653',	'Marek          ',	'Bialkowski     ',	'210 Annie St                  ',	'Toowong             ',	'Brisbane            ',	'QLD                 ',	'Australia           ',	'4079      ',	'3699 8744      ',	'Paralle...',	'236',	'78 ',	'3365 5236      ',	'2000-02-22 00:00:00',	'Professor           '),
('3255014',	'Denis          ',	'Bill           ',	'30 Agnes St                   ',	'Toowong             ',	'Brisbane            ',	'QLD                 ',	'Australia           ',	'4079      ',	'3200 1152      ',	'On Hori...',	'809',	'78 ',	'3365 5809      ',	'2002-01-01 00:00:00',	'Lecturer            ');

CREATE TABLE `Staff_Course_Offerings` (
  `staff_no` varchar(7) NOT NULL,
  `course_no` varchar(7) NOT NULL,
  `semester` varchar(7) NOT NULL,
  `year` int(11) NOT NULL
) ENGINE=InnoDB DEFAULT CHARSET=utf8;

INSERT INTO `Staff_Course_Offerings` (`staff_no`, `course_no`, `semester`, `year`) VALUES
('2256232',	'INFS120',	'1     ',	2012),
('2256232',	'INFS120',	'1     ',	2013),
('2256232',	'INFS120',	'1     ',	2014),
('2256232',	'INFS120',	'1     ',	2015),
('2500325',	'COMP130',	'1     ',	2012),
('2500325',	'COMP130',	'1     ',	2013),
('2500325',	'COMP130',	'1     ',	2014),
('2256232',	'COMP130',	'1     ',	2015),
('2335152',	'COMP150',	'1     ',	2012),
('2335152',	'COMP150',	'1     ',	2013),
('2335152',	'COMP150',	'1     ',	2014),
('2256232',	'COMP150',	'1     ',	2015),
('2130025',	'COMP150',	'1     ',	2012),
('2130025',	'COMP150',	'1     ',	2013),
('2130025',	'COMP150',	'1     ',	2014),
('2256232',	'COMP150',	'1     ',	2015),
('2088564',	'COMP180',	'2     ',	2012),
('2088564',	'COMP180',	'1     ',	2013),
('2088564',	'COMP180',	'1     ',	2014),
('2256232',	'COMP180',	'2     ',	2015),
('2011526',	'COGS100',	'2     ',	2012),
('2011526',	'COGS100',	'2     ',	2013),
('2011526',	'COGS100',	'2     ',	2014),
('2088564',	'COGS100',	'2     ',	2015),
('2011236',	'ELEC100',	'2     ',	2012),
('2011236',	'ELEC100',	'2     ',	2013),
('2011236',	'ELEC100',	'2     ',	2014),
('2088564',	'ELEC100',	'2     ',	2015),
('2001526',	'IENV120',	'2     ',	2012),
('2001526',	'IENV120',	'2     ',	2013),
('2001526',	'IENV120',	'2     ',	2014),
('2088564',	'IENV120',	'2     ',	2015),
('2889623',	'INFS220',	'1     ',	2012),
('2889623',	'INFS220',	'1     ',	2013),
('2889623',	'INFS220',	'1     ',	2014),
('2088564',	'INFS220',	'1     ',	2015),
('2230122',	'COMP200',	'1     ',	2012),
('2230122',	'COMP200',	'1     ',	2013),
('2230122',	'COMP200',	'1     ',	2014),
('2088564',	'COMP200',	'1     ',	2015),
('2300256',	'COMP210',	'1     ',	2012),
('2300256',	'COMP210',	'1     ',	2013),
('2300256',	'COMP210',	'1     ',	2014),
('2889623',	'COMP210',	'1     ',	2015),
('2522102',	'COMP280',	'1     ',	2012),
('2522102',	'COMP280',	'1     ',	2013),
('2522102',	'COMP280',	'1     ',	2014),
('2889623',	'COMP280',	'1     ',	2015),
('2988567',	'COMS200',	'2     ',	2012),
('2988567',	'COMS200',	'2     ',	2013),
('2988567',	'COMS200',	'2     ',	2014),
('2988567',	'COMS200',	'2     ',	2015),
('2633512',	'COMP230',	'2     ',	2012),
('2633512',	'COMP230',	'2     ',	2013),
('2633512',	'COMP230',	'2     ',	2014),
('2889623',	'COMP230',	'2     ',	2015),
('2633541',	'COMP230',	'2     ',	2012),
('2633541',	'COMP230',	'2     ',	2013),
('2633541',	'COMP230',	'2     ',	2014),
('2889623',	'COMP230',	'2     ',	2015),
('2366485',	'COMP250',	'2     ',	2012),
('2366485',	'COMP250',	'2     ',	2013),
('2366485',	'COMP250',	'2     ',	2014),
('2366485',	'COMP250',	'2     ',	2015),
('2522563',	'INFS310',	'1     ',	2012),
('2522563',	'INFS310',	'1     ',	2013),
('2522563',	'INFS310',	'1     ',	2014),
('2522563',	'INFS310',	'1     ',	2015),
('2322001',	'INFS320',	'1     ',	2012),
('2322001',	'INFS320',	'1     ',	2013),
('2322001',	'INFS320',	'1     ',	2014),
('2322001',	'INFS320',	'1     ',	2015),
('2896653',	'COMP320',	'1     ',	2012),
('2896653',	'COMP320',	'1     ',	2013),
('2896653',	'COMP320',	'1     ',	2014),
('2896653',	'COMP320',	'1     ',	2015),
('3255014',	'COMP320',	'1     ',	2012),
('3255014',	'COMP320',	'1     ',	2013),
('3255014',	'COMP320',	'1     ',	2014),
('3255014',	'COMP320',	'1     ',	2015),
('2256232',	'COMS310',	'2     ',	2012),
('2256232',	'COMS310',	'2     ',	2013),
('2256232',	'COMS310',	'2     ',	2014),
('2256232',	'COMS310',	'2     ',	2015),
('2500325',	'COMP330',	'2     ',	2012),
('2500325',	'COMP330',	'2     ',	2013),
('2500325',	'COMP330',	'2     ',	2014),
('2500325',	'COMP330',	'2     ',	2015),
('2335152',	'COMP340',	'2     ',	2012),
('2335152',	'COMP340',	'2     ',	2013),
('2335152',	'COMP340',	'2     ',	2014),
('2335152',	'COMP340',	'2     ',	2015),
('2130025',	'COMP340',	'2     ',	2012),
('2130025',	'COMP340',	'2     ',	2013),
('2130025',	'COMP340',	'2     ',	2014),
('2130025',	'COMP340',	'2     ',	2015),
('2088564',	'INFS410',	'1     ',	2012),
('2088564',	'INFS410',	'1     ',	2013),
('2088564',	'INFS410',	'1     ',	2014),
('2088564',	'INFS410',	'1     ',	2015),
('2011526',	'INFS420',	'1     ',	2012),
('2011526',	'INFS420',	'1     ',	2013),
('2011526',	'INFS420',	'1     ',	2014),
('2011526',	'INFS420',	'1     ',	2015),
('2011236',	'COMP460',	'1     ',	2012),
('2011236',	'COMP460',	'1     ',	2013),
('2011236',	'COMP460',	'1     ',	2014),
('2011236',	'COMP460',	'1     ',	2015),
('2001526',	'COMP460',	'1     ',	2012),
('2001526',	'COMP460',	'1     ',	2013),
('2001526',	'COMP460',	'1     ',	2014),
('2522102',	'COMP460',	'1     ',	2015),
('2889623',	'COMS410',	'2     ',	2012),
('2889623',	'COMS410',	'2     ',	2013),
('2889623',	'COMS410',	'2     ',	2014),
('2522102',	'COMS410',	'2     ',	2015),
('2230122',	'COMP460',	'2     ',	2012),
('2230122',	'COMP460',	'2     ',	2013),
('2230122',	'COMP460',	'2     ',	2014),
('2522102',	'COMP460',	'2     ',	2015),
('2300256',	'COMP450',	'2     ',	2012),
('2300256',	'COMP450',	'2     ',	2013),
('2300256',	'COMP450',	'2     ',	2014),
('2522102',	'COMP450',	'2     ',	2015),
('2522102',	'COMP440',	'2     ',	2012),
('2522102',	'COMP440',	'2     ',	2013),
('2522102',	'COMP440',	'2     ',	2014),
('2522102',	'COMP440',	'2     ',	2015);

CREATE TABLE `Students` (
  `student_no` varchar(7) NOT NULL,
  `first_name` varchar(15) NOT NULL,
  `surname` varchar(15) NOT NULL,
  `street_address` varchar(31) NOT NULL,
  `suburb` varchar(31) NOT NULL,
  `city` varchar(31) NOT NULL,
  `state` varchar(31) NOT NULL,
  `country` varchar(31) NOT NULL,
  `postcode` varchar(15) NOT NULL
) ENGINE=InnoDB DEFAULT CHARSET=utf8;

INSERT INTO `Students` (`student_no`, `first_name`, `surname`, `street_address`, `suburb`, `city`, `state`, `country`, `postcode`) VALUES
('3325415',	'Benjamin       ',	'Long           ',	'22 Moffat St                  ',	'Milton              ',	'Brisbane            ',	'QLD                 ',	'Australia           ',	'4022      '),
('3225684',	'Henry          ',	'Joules         ',	'10 Given Tce                  ',	'Milton              ',	'Brisbane            ',	'QLD                 ',	'Australia           ',	'4022      '),
('3222215',	'Mary           ',	'Contrary       ',	'223 Howard St                 ',	'Milton              ',	'Brisbane            ',	'QLD                 ',	'Australia           ',	'4022      '),
('3665982',	'Julie          ',	'Wazza          ',	'445 Agnes St                  ',	'Milton              ',	'Brisbane            ',	'QLD                 ',	'Australia           ',	'4022      '),
('3226511',	'Kim            ',	'Styles         ',	'1 Beck St                     ',	'Milton              ',	'Brisbane            ',	'QLD                 ',	'Australia           ',	'4022      '),
('3002100',	'Jenny          ',	'Astana         ',	'20 Elizabeth St               ',	'Toowong             ',	'Brisbane            ',	'QLD                 ',	'Australia           ',	'4065      '),
('3665256',	'Kerry          ',	'Stilton        ',	'89 Sylvan Rd                  ',	'Toowong             ',	'Brisbane            ',	'QLD                 ',	'Australia           ',	'4065      '),
('3220012',	'Penny          ',	'Arcade         ',	'79 Agnes St                   ',	'Toowong             ',	'Brisbane            ',	'QLD                 ',	'Australia           ',	'4065      '),
('3002569',	'Lopenza        ',	'Rough          ',	'22 Ivy St                     ',	'Toowong             ',	'Brisbane            ',	'QLD                 ',	'Australia           ',	'4065      '),
('3444852',	'Brent          ',	'Hockreath      ',	'62 Kellett St                 ',	'Toowong             ',	'Brisbane            ',	'QLD                 ',	'Australia           ',	'4065      '),
('4002156',	'Jenny          ',	'Billson        ',	'52 Kennedy Tce                ',	'Red Hill            ',	'Brisbane            ',	'QLD                 ',	'Australia           ',	'4002      '),
('4112503',	'Mathew         ',	'Billson        ',	'22 Rockbourne Tce             ',	'Red Hill            ',	'Brisbane            ',	'QLD                 ',	'Australia           ',	'4002      '),
('4556258',	'Andrew         ',	'Lunn           ',	'39 Waterworks Rd              ',	'Red Hill            ',	'Brisbane            ',	'QLD                 ',	'Australia           ',	'4002      '),
('4112795',	'Peta           ',	'Joopley        ',	'92 Musgrave Rd                ',	'Red Hill            ',	'Brisbane            ',	'QLD                 ',	'Australia           ',	'4002      '),
('4001236',	'Rachel         ',	'Boxford        ',	'46 Vale St                    ',	'Red Hill            ',	'Brisbane            ',	'QLD                 ',	'Australia           ',	'4002      '),
('4665264',	'Phillip        ',	'Jones          ',	'55 Northman Ave               ',	'Bardon              ',	'Brisbane            ',	'QLD                 ',	'Australia           ',	'4512      '),
('4552895',	'Bill           ',	'Muddy          ',	'93 Stuartholme Rd             ',	'Bardon              ',	'Brisbane            ',	'QLD                 ',	'Australia           ',	'4512      '),
('4778213',	'Lester         ',	'Rudder         ',	'101 Gordon Rd                 ',	'Bardon              ',	'Brisbane            ',	'QLD                 ',	'Australia           ',	'4512      '),
('4002135',	'Kirk           ',	'Blundel        ',	'23 Sixth Ave                  ',	'Bardon              ',	'Brisbane            ',	'QLD                 ',	'Australia           ',	'4512      '),
('4012120',	'Red            ',	'Symonds        ',	'11 Greer St                   ',	'Bardon              ',	'Brisbane            ',	'QLD                 ',	'Australia           ',	'4512      '),
('3012120',	'May            ',  'Tsang          ',	'22 Moffat St                  ',	'Milton              ',	'Brisbane            ',	'QLD                 ',	'Australia           ',	'4022      '),
('3056854',	'Lisa           ',  'Joules         ','10 Given Tce',	'Milton              ',	'Brisbane            ',	'QLD                 ',	'Australia           ',	'4022      '),
('4552136',	'Catherine      ',  'Jenkins        ',	'5/76 Bridge St                  ',	'Milton              ',	'Brisbane            ',	'QLD                 ',	'Australia           ',	'4022      '),
('4889675',	'Peter          ',  'Satzinger      ','19 High Street',	'Milton              ',	'Brisbane            ',	'QLD                 ',	'Australia           ',	'4022      '),
('4550021',	'Scott          ',  'Moore          ','25 Low Street',	'Sunnybank              ',	'Brisbane            ',	'QLD                 ',	'Australia           ',	'4350     '),
('4630202',	'Kylie          ',  'Moore          ','23 Boundary Road',	'Milton              ',	'Brisbane            ',	'QLD                 ',	'Australia           ',	'4022      '),
('4223598',	'John           ',  'Satzinger      ','19 High Street',	'Milton              ',	'Brisbane            ',	'QLD                 ',	'Australia           ',	'4022      ');

CREATE TABLE `Student_Course_Offerings` (
  `student_no` varchar(7) NOT NULL,
  `course_no` varchar(7) NOT NULL,
  `semester` varchar(7) NOT NULL,
  `year` int(11) NOT NULL,
  `final_grade` int(11) DEFAULT NULL
) ENGINE=InnoDB DEFAULT CHARSET=utf8;

INSERT INTO `Student_Course_Offerings` (`student_no`, `course_no`, `semester`, `year`, `final_grade`) VALUES
('3669854',	'INFS310',	'1     ',	2015,	5),
('3669854',	'INFS320',	'1     ',	2015,	4),
('3669854',	'COMP320',	'1     ',	2015,	4),
('3669854',	'COMP320',	'1     ',	2015,	5),
('3669854',	'COMS310',	'2     ',	2015,	NULL),
('3669854',	'COMP330',	'2     ',	2015,	NULL),
('3669854',	'COMP340',	'2     ',	2015,	NULL),
('3669854',	'COMP340',	'2     ',	2015,	NULL),
('3232698',	'INFS120',	'1     ',	2015,	4),
('3232698',	'COMP130',	'1     ',	2015,	5),
('3232698',	'COMP150',	'1     ',	2015,	5),
('3232698',	'COMP150',	'1     ',	2015,	5),
('3232698',	'COMP180',	'2     ',	2015,	NULL),
('3232698',	'COGS100',	'2     ',	2015,	NULL),
('3232698',	'ELEC100',	'2     ',	2015,	NULL),
('3232698',	'IENV120',	'2     ',	2015,	NULL),
('3444785',	'INFS120',	'1     ',	2014,	5),
('3444785',	'COMP130',	'1     ',	2014,	4),
('3444785',	'COMP150',	'1     ',	2014,	6),
('3444785',	'COMP150',	'1     ',	2014,	6),
('3444785',	'COMP180',	'2     ',	2014,	7),
('3444785',	'COGS100',	'2     ',	2014,	7),
('3444785',	'ELEC100',	'2     ',	2014,	5),
('3444785',	'IENV120',	'2     ',	2014,	5),
('3444785',	'INFS220',	'1     ',	2015,	4),
('3444785',	'COMP200',	'1     ',	2015,	5),
('3444785',	'COMP210',	'1     ',	2015,	6),
('3444785',	'COMP280',	'1     ',	2015,	6),
('3444785',	'COMS200',	'2     ',	2015,	NULL),
('3444785',	'COMP230',	'2     ',	2015,	NULL),
('3444785',	'COMP230',	'2     ',	2015,	NULL),
('3444785',	'COMP250',	'2     ',	2015,	NULL),
('3371528',	'INFS120',	'1     ',	2013,	4),
('3371528',	'COMP130',	'1     ',	2013,	5),
('3371528',	'COMP150',	'1     ',	2013,	6),
('3371528',	'COMP150',	'1     ',	2013,	6),
('3371528',	'COMP180',	'2     ',	2013,	7),
('3371528',	'COGS100',	'2     ',	2013,	7),
('3371528',	'ELEC100',	'2     ',	2013,	6),
('3371528',	'IENV120',	'2     ',	2013,	6),
('3371528',	'INFS220',	'1     ',	2014,	6),
('3371528',	'COMP200',	'1     ',	2014,	5),
('3371528',	'COMP210',	'1     ',	2014,	5),
('3371528',	'COMP280',	'1     ',	2014,	4),
('3371528',	'COMS200',	'2     ',	2014,	5),
('3371528',	'COMP230',	'2     ',	2014,	5),
('3371528',	'COMP230',	'2     ',	2014,	4),
('3371528',	'COMP250',	'2     ',	2014,	5),
('3371528',	'INFS310',	'1     ',	2015,	6),
('3371528',	'INFS320',	'1     ',	2015,	7),
('3371528',	'COMP320',	'1     ',	2015,	5),
('3371528',	'COMP320',	'1     ',	2015,	4),
('3371528',	'COMS310',	'2     ',	2015,	NULL),
('3371528',	'COMP330',	'2     ',	2015,	NULL),
('3371528',	'COMP340',	'2     ',	2015,	NULL),
('3371528',	'COMP340',	'2     ',	2015,	NULL),
('3326558',	'INFS120',	'1     ',	2015,	6),
('3326558',	'COMP130',	'1     ',	2015,	6),
('3326558',	'COMP150',	'1     ',	2015,	7),
('3326558',	'COMP150',	'1     ',	2015,	7),
('3326558',	'COMP180',	'2     ',	2015,	NULL),
('3326558',	'COGS100',	'2     ',	2015,	NULL),
('3326558',	'ELEC100',	'2     ',	2015,	NULL),
('3326558',	'IENV120',	'2     ',	2015,	NULL),
('3002100',	'INFS120',	'1     ',	2012,	3),
('3002100',	'COMP130',	'1     ',	2012,	3),
('3002100',	'COMP150',	'1     ',	2012,	4),
('3002100',	'COMP150',	'1     ',	2012,	3),
('3002100',	'COMP180',	'2     ',	2012,	3),
('3002100',	'COGS100',	'2     ',	2012,	4),
('3002100',	'ELEC100',	'2     ',	2012,	4),
('3002100',	'IENV120',	'2     ',	2012,	4),
('3002100',	'INFS220',	'1     ',	2013,	3),
('3002100',	'COMP200',	'1     ',	2013,	4),
('3002100',	'COMP210',	'1     ',	2013,	4),
('3002100',	'COMP280',	'1     ',	2013,	3),
('3002100',	'COMS200',	'2     ',	2013,	3),
('3002100',	'COMP230',	'2     ',	2013,	4),
('3002100',	'COMP230',	'2     ',	2013,	4),
('3002100',	'COMP250',	'2     ',	2013,	3),
('3002100',	'INFS310',	'1     ',	2014,	3),
('3002100',	'INFS320',	'1     ',	2014,	4),
('3002100',	'COMP320',	'1     ',	2014,	4),
('3002100',	'COMP320',	'1     ',	2014,	3),
('3002100',	'COMS310',	'2     ',	2014,	4),
('3002100',	'COMP330',	'2     ',	2014,	4),
('3002100',	'COMP340',	'2     ',	2014,	4),
('3002100',	'COMP340',	'2     ',	2014,	4),
('3002100',	'INFS410',	'1     ',	2015,	4),
('3002100',	'INFS420',	'1     ',	2015,	4),
('3002100',	'COMP460',	'1     ',	2015,	4),
('3002100',	'COMP460',	'1     ',	2015,	4),
('3002100',	'COMS410',	'2     ',	2015,	NULL),
('3002100',	'COMP460',	'2     ',	2015,	NULL),
('3002100',	'COMP450',	'2     ',	2015,	NULL),
('3002100',	'COMP440',	'2     ',	2015,	NULL),
('3665256',	'INFS120',	'1     ',	2012,	4),
('3665256',	'COMP130',	'1     ',	2012,	5),
('3665256',	'COMP150',	'1     ',	2012,	5),
('3665256',	'COMP150',	'1     ',	2012,	6),
('3665256',	'COMP180',	'2     ',	2012,	5),
('3665256',	'COGS100',	'2     ',	2012,	5),
('3665256',	'ELEC100',	'2     ',	2012,	6),
('3665256',	'IENV120',	'2     ',	2012,	5),
('3665256',	'INFS220',	'1     ',	2013,	6),
('3665256',	'COMP200',	'1     ',	2013,	6),
('3665256',	'COMP210',	'1     ',	2013,	5),
('3665256',	'COMP280',	'1     ',	2013,	6),
('3665256',	'COMS200',	'2     ',	2013,	7),
('3665256',	'COMP230',	'2     ',	2013,	6),
('3665256',	'COMP230',	'2     ',	2013,	5),
('3665256',	'COMP250',	'2     ',	2013,	6),
('3665256',	'INFS310',	'1     ',	2014,	6),
('3665256',	'INFS320',	'1     ',	2014,	6),
('3665256',	'COMP320',	'1     ',	2014,	5),
('3665256',	'COMP320',	'1     ',	2014,	7),
('3665256',	'COMS310',	'2     ',	2014,	7),
('3665256',	'COMP330',	'2     ',	2014,	7),
('3665256',	'COMP340',	'2     ',	2014,	6),
('3665256',	'COMP340',	'2     ',	2014,	6),
('3665256',	'INFS410',	'1     ',	2015,	7),
('3665256',	'INFS420',	'1     ',	2015,	7),
('3665256',	'COMP460',	'1     ',	2015,	7),
('3665256',	'COMP460',	'1     ',	2015,	7),
('3665256',	'COMS410',	'2     ',	2015,	NULL),
('3665256',	'COMP460',	'2     ',	2015,	NULL),
('3665256',	'COMP450',	'2     ',	2015,	NULL),
('3665256',	'COMP440',	'2     ',	2015,	NULL),
('3220012',	'INFS120',	'1     ',	2012,	4),
('3220012',	'COMP130',	'1     ',	2012,	5),
('3220012',	'COMP150',	'1     ',	2012,	5),
('3220012',	'COMP150',	'1     ',	2012,	7),
('3220012',	'COMP180',	'2     ',	2012,	7),
('3220012',	'COGS100',	'2     ',	2012,	6),
('3220012',	'ELEC100',	'2     ',	2012,	7),
('3220012',	'IENV120',	'2     ',	2012,	7),
('3220012',	'INFS220',	'1     ',	2013,	6),
('3220012',	'COMP200',	'1     ',	2013,	6),
('3220012',	'COMP210',	'1     ',	2013,	5),
('3220012',	'COMP280',	'1     ',	2013,	4),
('3220012',	'COMS200',	'2     ',	2013,	4),
('3220012',	'COMP230',	'2     ',	2013,	5),
('3220012',	'COMP230',	'2     ',	2013,	5),
('3220012',	'COMP250',	'2     ',	2013,	5),
('3220012',	'INFS310',	'1     ',	2014,	7),
('3220012',	'INFS320',	'1     ',	2014,	7),
('3220012',	'COMP320',	'1     ',	2014,	7),
('3220012',	'COMP320',	'1     ',	2014,	6),
('3220012',	'COMS310',	'2     ',	2014,	6),
('3220012',	'COMP330',	'2     ',	2014,	6),
('3220012',	'COMP340',	'2     ',	2014,	5),
('3220012',	'COMP340',	'2     ',	2014,	7),
('3220012',	'INFS410',	'1     ',	2015,	4),
('3220012',	'INFS420',	'1     ',	2015,	5),
('3220012',	'COMP460',	'1     ',	2015,	6),
('3220012',	'COMP460',	'1     ',	2015,	7),
('3220012',	'COMS410',	'2     ',	2015,	NULL),
('3220012',	'COMP460',	'2     ',	2015,	NULL),
('3220012',	'COMP450',	'2     ',	2015,	NULL),
('3220012',	'COMP440',	'2     ',	2015,	NULL),
('3002569',	'INFS120',	'1     ',	2012,	4),
('3002569',	'COMP130',	'1     ',	2012,	4),
('3002569',	'COMP150',	'1     ',	2012,	4),
('3002569',	'COMP150',	'1     ',	2012,	4),
('3002569',	'COMP180',	'2     ',	2012,	4),
('3002569',	'COGS100',	'2     ',	2012,	4),
('3002569',	'ELEC100',	'2     ',	2012,	4),
('3002569',	'IENV120',	'2     ',	2012,	3),
('3002569',	'INFS220',	'1     ',	2013,	3),
('3002569',	'COMP200',	'1     ',	2013,	3),
('3002569',	'COMP210',	'1     ',	2013,	3),
('3002569',	'COMP280',	'1     ',	2013,	3),
('3002569',	'COMS200',	'2     ',	2013,	4),
('3002569',	'COMP230',	'2     ',	2013,	5),
('3002569',	'COMP230',	'2     ',	2013,	4),
('3002569',	'COMP250',	'2     ',	2013,	5),
('3002569',	'INFS310',	'1     ',	2014,	4),
('3002569',	'INFS320',	'1     ',	2014,	5),
('3002569',	'COMP320',	'1     ',	2014,	5),
('3002569',	'COMP320',	'1     ',	2014,	4),
('3002569',	'COMS310',	'2     ',	2014,	4),
('3002569',	'COMP330',	'2     ',	2014,	5),
('3002569',	'COMP340',	'2     ',	2014,	5),
('3002569',	'COMP340',	'2     ',	2014,	5),
('3002569',	'INFS410',	'1     ',	2015,	5),
('3002569',	'INFS420',	'1     ',	2015,	4),
('3002569',	'COMP460',	'1     ',	2015,	4),
('3002569',	'COMP460',	'1     ',	2015,	4),
('3002569',	'COMS410',	'2     ',	2015,	NULL),
('3002569',	'COMP460',	'2     ',	2015,	NULL),
('3002569',	'COMP450',	'2     ',	2015,	NULL),
('3002569',	'COMP440',	'2     ',	2015,	NULL),
('3444852',	'INFS120',	'1     ',	2012,	4),
('3444852',	'COMP130',	'1     ',	2012,	5),
('3444852',	'COMP150',	'1     ',	2012,	5),
('3444852',	'COMP150',	'1     ',	2012,	6),
('3444852',	'COMP180',	'2     ',	2012,	6),
('3444852',	'COGS100',	'2     ',	2012,	7),
('3444852',	'ELEC100',	'2     ',	2012,	7),
('3444852',	'IENV120',	'2     ',	2012,	7),
('3444852',	'INFS220',	'1     ',	2013,	7),
('3444852',	'COMP200',	'1     ',	2013,	7),
('3444852',	'COMP210',	'1     ',	2013,	7),
('3444852',	'COMP280',	'1     ',	2013,	7),
('3444852',	'COMS200',	'2     ',	2013,	4),
('3444852',	'COMP230',	'2     ',	2013,	5),
('3444852',	'COMP230',	'2     ',	2013,	5),
('3444852',	'COMP250',	'2     ',	2013,	6),
('3444852',	'INFS310',	'1     ',	2014,	7),
('3444852',	'INFS320',	'1     ',	2014,	7),
('3444852',	'COMP320',	'1     ',	2014,	7),
('3444852',	'COMP320',	'1     ',	2014,	5),
('3444852',	'COMS310',	'2     ',	2014,	5),
('3444852',	'COMP330',	'2     ',	2014,	6),
('3444852',	'COMP340',	'2     ',	2014,	6),
('3444852',	'COMP340',	'2     ',	2014,	6),
('3444852',	'INFS410',	'1     ',	2015,	7),
('3444852',	'INFS420',	'1     ',	2015,	7),
('3444852',	'COMP460',	'1     ',	2015,	6),
('3444852',	'COMP460',	'1     ',	2015,	4),
('3444852',	'COMS410',	'2     ',	2015,	NULL),
('3444852',	'COMP460',	'2     ',	2015,	NULL),
('3444852',	'COMP450',	'2     ',	2015,	NULL),
('3444852',	'COMP440',	'2     ',	2015,	NULL),
('4002156',	'INFS120',	'1     ',	2012,	4),
('4002156',	'COMP130',	'1     ',	2012,	5),
('4002156',	'COMP150',	'1     ',	2012,	6),
('4002156',	'COMP150',	'1     ',	2012,	7),
('4002156',	'COMP180',	'2     ',	2012,	7),
('4002156',	'COGS100',	'2     ',	2012,	7),
('4002156',	'ELEC100',	'2     ',	2012,	7),
('4002156',	'IENV120',	'2     ',	2012,	5),
('4002156',	'INFS220',	'1     ',	2013,	4),
('4002156',	'COMP200',	'1     ',	2013,	6),
('4002156',	'COMP210',	'1     ',	2013,	6),
('4002156',	'COMP280',	'1     ',	2013,	6),
('4002156',	'COMS200',	'2     ',	2013,	7),
('4002156',	'COMP230',	'2     ',	2013,	6),
('4002156',	'COMP230',	'2     ',	2013,	5),
('4002156',	'COMP250',	'2     ',	2013,	5),
('4002156',	'INFS310',	'1     ',	2014,	5),
('4002156',	'INFS320',	'1     ',	2014,	4),
('4002156',	'COMP320',	'1     ',	2014,	6),
('4002156',	'COMP320',	'1     ',	2014,	6),
('4002156',	'COMS310',	'2     ',	2014,	7),
('4002156',	'COMP330',	'2     ',	2014,	7),
('4002156',	'COMP340',	'2     ',	2014,	4),
('4002156',	'COMP340',	'2     ',	2014,	5),
('4002156',	'INFS410',	'1     ',	2015,	5),
('4002156',	'INFS420',	'1     ',	2015,	6),
('4002156',	'COMP460',	'1     ',	2015,	6),
('4002156',	'COMP460',	'1     ',	2015,	6),
('4002156',	'COMS410',	'2     ',	2015,	NULL),
('4002156',	'COMP460',	'2     ',	2015,	NULL),
('4002156',	'COMP450',	'2     ',	2015,	NULL),
('4002156',	'COMP440',	'2     ',	2015,	NULL),
('4112503',	'INFS120',	'1     ',	2012,	6),
('4112503',	'COMP130',	'1     ',	2012,	6),
('4112503',	'COMP150',	'1     ',	2012,	5),
('4112503',	'COMP150',	'1     ',	2012,	6),
('4112503',	'COMP180',	'2     ',	2012,	7),
('4112503',	'COGS100',	'2     ',	2012,	7),
('4112503',	'ELEC100',	'2     ',	2012,	5),
('4112503',	'IENV120',	'2     ',	2012,	6),
('4112503',	'INFS220',	'1     ',	2013,	5),
('4112503',	'COMP200',	'1     ',	2013,	4),
('4112503',	'COMP210',	'1     ',	2013,	6),
('4112503',	'COMP280',	'1     ',	2013,	6),
('4112503',	'COMS200',	'2     ',	2013,	6),
('4112503',	'COMP230',	'2     ',	2013,	6),
('4112503',	'COMP230',	'2     ',	2013,	7),
('4112503',	'COMP250',	'2     ',	2013,	4),
('4112503',	'INFS310',	'1     ',	2014,	5),
('4112503',	'INFS320',	'1     ',	2014,	5),
('4112503',	'COMP320',	'1     ',	2014,	5),
('4112503',	'COMP320',	'1     ',	2014,	5),
('4112503',	'COMS310',	'2     ',	2014,	6),
('4112503',	'COMP330',	'2     ',	2014,	7),
('4112503',	'COMP340',	'2     ',	2014,	5),
('4112503',	'COMP340',	'2     ',	2014,	5),
('4112503',	'INFS410',	'1     ',	2015,	5),
('4112503',	'INFS420',	'1     ',	2015,	4),
('4112503',	'COMP460',	'1     ',	2015,	7),
('4112503',	'COMP460',	'1     ',	2015,	7),
('4112503',	'COMS410',	'2     ',	2015,	NULL),
('4112503',	'COMP460',	'2     ',	2015,	NULL),
('4112503',	'COMP450',	'2     ',	2015,	NULL),
('4112503',	'COMP440',	'2     ',	2015,	NULL),
('4556258',	'INFS120',	'1     ',	2012,	5),
('4556258',	'COMP130',	'1     ',	2012,	5),
('4556258',	'COMP150',	'1     ',	2012,	6),
('4556258',	'COMP150',	'1     ',	2012,	6),
('4556258',	'COMP180',	'2     ',	2012,	6),
('4556258',	'COGS100',	'2     ',	2012,	6),
('4556258',	'ELEC100',	'2     ',	2012,	6),
('4556258',	'IENV120',	'2     ',	2012,	6),
('4556258',	'INFS220',	'1     ',	2013,	6),
('4556258',	'COMP200',	'1     ',	2013,	6),
('4556258',	'COMP210',	'1     ',	2013,	6),
('4556258',	'COMP280',	'1     ',	2013,	6),
('4556258',	'COMS200',	'2     ',	2013,	7),
('4556258',	'COMP230',	'2     ',	2013,	7),
('4556258',	'COMP230',	'2     ',	2013,	7),
('4556258',	'COMP250',	'2     ',	2013,	5),
('4556258',	'INFS310',	'1     ',	2014,	5),
('4556258',	'INFS320',	'1     ',	2014,	6),
('4556258',	'COMP320',	'1     ',	2014,	4),
('4556258',	'COMP320',	'1     ',	2014,	6),
('4556258',	'COMS310',	'2     ',	2014,	7),
('4556258',	'COMP330',	'2     ',	2014,	7),
('4556258',	'COMP340',	'2     ',	2014,	5),
('4556258',	'COMP340',	'2     ',	2014,	4),
('4556258',	'INFS410',	'1     ',	2015,	4),
('4556258',	'INFS420',	'1     ',	2015,	4),
('4556258',	'COMP460',	'1     ',	2015,	5),
('4556258',	'COMP460',	'1     ',	2015,	6),
('4556258',	'COMS410',	'2     ',	2015,	NULL),
('4556258',	'COMP460',	'2     ',	2015,	NULL),
('4556258',	'COMP450',	'2     ',	2015,	NULL),
('4556258',	'COMP440',	'2     ',	2015,	NULL),
('4112795',	'INFS120',	'1     ',	2012,	4),
('4112795',	'COMP130',	'1     ',	2012,	5),
('4112795',	'COMP150',	'1     ',	2012,	5),
('4112795',	'COMP150',	'1     ',	2012,	6),
('4112795',	'COMP180',	'2     ',	2012,	7),
('4112795',	'COGS100',	'2     ',	2012,	5),
('4112795',	'ELEC100',	'2     ',	2012,	6),
('4112795',	'IENV120',	'2     ',	2012,	7),
('4112795',	'INFS220',	'1     ',	2013,	7),
('4112795',	'COMP200',	'1     ',	2013,	5),
('4112795',	'COMP210',	'1     ',	2013,	5),
('4112795',	'COMP280',	'1     ',	2013,	4),
('4112795',	'COMS200',	'2     ',	2013,	6),
('4112795',	'COMP230',	'2     ',	2013,	6),
('4112795',	'COMP230',	'2     ',	2013,	5),
('4112795',	'COMP250',	'2     ',	2013,	7),
('4112795',	'INFS310',	'1     ',	2014,	7),
('4112795',	'INFS320',	'1     ',	2014,	4),
('4112795',	'COMP320',	'1     ',	2014,	4),
('4112795',	'COMP320',	'1     ',	2014,	4),
('4112795',	'COMS310',	'2     ',	2014,	5),
('4112795',	'COMP330',	'2     ',	2014,	5),
('4112795',	'COMP340',	'2     ',	2014,	5),
('4112795',	'COMP340',	'2     ',	2014,	6),
('4112795',	'INFS410',	'1     ',	2015,	6),
('4112795',	'INFS420',	'1     ',	2015,	6),
('4112795',	'COMP460',	'1     ',	2015,	7),
('4112795',	'COMP460',	'1     ',	2015,	7),
('4112795',	'COMS410',	'2     ',	2015,	NULL),
('4112795',	'COMP460',	'2     ',	2015,	NULL),
('4112795',	'COMP450',	'2     ',	2015,	NULL),
('4112795',	'COMP440',	'2     ',	2015,	NULL),
('3012120',	'INFS120',	'1     ',	2015,	5),
('3012120',	'COMP130',	'1     ',	2015,	4),
('3012120',	'COMP150',	'1     ',	2015,	4),
('3012120',	'COMP150',	'1     ',	2015,	6),
('3012120',	'COMP180',	'2     ',	2015,	NULL),
('3012120',	'COGS100',	'2     ',	2015,	NULL),
('3012120',	'ELEC100',	'2     ',	2015,	NULL),
('3012120',	'IENV120',	'2     ',	2015,	NULL),
('3056854',	'INFS120',	'1     ',	2014,	7),
('3056854',	'COMP130',	'1     ',	2014,	6),
('3056854',	'COMP150',	'1     ',	2014,	6),
('3056854',	'COMP150',	'1     ',	2014,	5),
('3056854',	'COMP180',	'2     ',	2014,	4),
('3056854',	'COGS100',	'2     ',	2014,	5),
('3056854',	'ELEC100',	'2     ',	2014,	5),
('3056854',	'IENV120',	'2     ',	2014,	6),
('3056854',	'INFS220',	'1     ',	2015,	7),
('3056854',	'COMP200',	'1     ',	2015,	5),
('3056854',	'COMP210',	'1     ',	2015,	6),
('3056854',	'COMP280',	'1     ',	2015,	6),
('3056854',	'COMS200',	'2     ',	2015,	NULL),
('3056854',	'COMP230',	'2     ',	2015,	NULL),
('3056854',	'COMP230',	'2     ',	2015,	NULL),
('3056854',	'COMP250',	'2     ',	2015,	NULL),
('3996587',	'INFS120',	'1     ',	2013,	4),
('3996587',	'COMP130',	'1     ',	2013,	5),
('3996587',	'COMP150',	'1     ',	2013,	4),
('3996587',	'COMP150',	'1     ',	2013,	7),
('3996587',	'COMP180',	'2     ',	2013,	6),
('3996587',	'COGS100',	'2     ',	2013,	6),
('3996587',	'ELEC100',	'2     ',	2013,	4),
('3996587',	'IENV120',	'2     ',	2013,	4),
('3996587',	'INFS220',	'1     ',	2014,	7),
('3996587',	'COMP200',	'1     ',	2014,	6),
('3996587',	'COMP210',	'1     ',	2014,	4),
('3996587',	'COMP280',	'1     ',	2014,	4),
('3996587',	'COMS200',	'2     ',	2014,	3),
('3996587',	'COMP230',	'2     ',	2014,	4),
('3996587',	'COMP230',	'2     ',	2014,	5),
('3996587',	'COMP250',	'2     ',	2014,	5),
('3996587',	'INFS310',	'1     ',	2015,	7),
('3996587',	'INFS320',	'1     ',	2015,	7),
('3996587',	'COMP320',	'1     ',	2015,	6),
('3996587',	'COMP320',	'1     ',	2015,	6),
('3996587',	'COMS310',	'2     ',	2015,	NULL),
('3996587',	'COMP330',	'2     ',	2015,	NULL),
('3996587',	'COMP340',	'2     ',	2015,	NULL),
('3996587',	'COMP340',	'2     ',	2015,	NULL),
('3114524',	'INFS120',	'1     ',	2015,	5),
('3114524',	'COMP130',	'1     ',	2015,	4),
('3114524',	'COMP150',	'1     ',	2015,	5),
('3114524',	'COMP150',	'1     ',	2015,	5),
('3114524',	'COMP180',	'2     ',	2015,	NULL),
('3114524',	'COGS100',	'2     ',	2015,	NULL),
('3114524',	'ELEC100',	'2     ',	2015,	NULL),
('3114524',	'IENV120',	'2     ',	2015,	NULL),
('3225641',	'INFS120',	'1     ',	2014,	7),
('3225641',	'COMP130',	'1     ',	2014,	6),
('3225641',	'COMP150',	'1     ',	2014,	7),
('3225641',	'COMP150',	'1     ',	2014,	6),
('3225641',	'COMP180',	'2     ',	2014,	5),
('3225641',	'COGS100',	'2     ',	2014,	5),
('3225641',	'ELEC100',	'2     ',	2014,	6),
('3225641',	'IENV120',	'2     ',	2014,	7),
('3225641',	'INFS220',	'1     ',	2015,	7),
('3225641',	'COMP200',	'1     ',	2015,	7),
('3225641',	'COMP210',	'1     ',	2015,	6),
('3225641',	'COMP280',	'1     ',	2015,	5),
('3225641',	'COMS200',	'2     ',	2015,	NULL),
('3225641',	'COMP230',	'2     ',	2015,	NULL),
('3225641',	'COMP230',	'2     ',	2015,	NULL),
('3225641',	'COMP250',	'2     ',	2015,	NULL),
('3325415',	'INFS120',	'1     ',	2012,	6),
('3325415',	'COMP130',	'1     ',	2012,	7),
('3325415',	'COMP150',	'1     ',	2012,	6),
('3325415',	'COMP150',	'1     ',	2012,	5),
('3325415',	'COMP180',	'2     ',	2012,	5),
('3325415',	'COGS100',	'2     ',	2012,	6),
('3325415',	'ELEC100',	'2     ',	2012,	6),
('3325415',	'IENV120',	'2     ',	2012,	6),
('3325415',	'INFS220',	'1     ',	2013,	6),
('3325415',	'COMP200',	'1     ',	2013,	7),
('3325415',	'COMP210',	'1     ',	2013,	7),
('3325415',	'COMP280',	'1     ',	2013,	6),
('3325415',	'COMS200',	'2     ',	2013,	7),
('3325415',	'COMP230',	'2     ',	2013,	6),
('3325415',	'COMP230',	'2     ',	2013,	5),
('3325415',	'COMP250',	'2     ',	2013,	5),
('3325415',	'INFS310',	'1     ',	2014,	6),
('3325415',	'INFS320',	'1     ',	2014,	6),
('3325415',	'COMP320',	'1     ',	2014,	7),
('3325415',	'COMP320',	'1     ',	2014,	6),
('3325415',	'COMS310',	'2     ',	2014,	6),
('3325415',	'COMP330',	'2     ',	2014,	7),
('3325415',	'COMP340',	'2     ',	2014,	7),
('3325415',	'COMP340',	'2     ',	2014,	7),
('3325415',	'INFS410',	'1     ',	2015,	6),
('3325415',	'INFS420',	'1     ',	2015,	6),
('3325415',	'COMP460',	'1     ',	2015,	6),
('3325415',	'COMP460',	'1     ',	2015,	7),
('3325415',	'COMS410',	'2     ',	2015,	NULL),
('3325415',	'COMP460',	'2     ',	2015,	NULL),
('3325415',	'COMP450',	'2     ',	2015,	NULL),
('3325415',	'COMP440',	'2     ',	2015,	NULL),
('3225684',	'INFS120',	'1     ',	2012,	NULL),
('3225684',	'COMP130',	'1     ',	2012,	NULL),
('3225684',	'COMP150',	'1     ',	2012,	NULL),
('3225684',	'COMP150',	'1     ',	2012,	NULL),
('3225684',	'COMP180',	'2     ',	2012,	NULL),
('3225684',	'COGS100',	'2     ',	2012,	NULL),
('3225684',	'ELEC100',	'2     ',	2012,	NULL),
('3225684',	'IENV120',	'2     ',	2012,	NULL),
('3225684',	'INFS220',	'1     ',	2013,	NULL),
('3225684',	'COMP200',	'1     ',	2013,	NULL),
('3225684',	'COMP210',	'1     ',	2013,	NULL),
('3225684',	'COMP280',	'1     ',	2013,	NULL),
('3225684',	'COMS200',	'2     ',	2013,	NULL),
('3225684',	'COMP230',	'2     ',	2013,	NULL),
('3225684',	'COMP230',	'2     ',	2013,	NULL),
('3225684',	'COMP250',	'2     ',	2013,	NULL),
('3225684',	'INFS310',	'1     ',	2014,	NULL),
('3225684',	'INFS320',	'1     ',	2014,	NULL),
('3225684',	'COMP320',	'1     ',	2014,	NULL),
('3225684',	'COMP320',	'1     ',	2014,	NULL),
('3225684',	'COMS310',	'2     ',	2014,	NULL),
('3225684',	'COMP330',	'2     ',	2014,	NULL),
('3225684',	'COMP340',	'2     ',	2014,	NULL),
('3225684',	'COMP340',	'2     ',	2014,	NULL),
('3225684',	'INFS410',	'1     ',	2015,	NULL),
('3225684',	'INFS420',	'1     ',	2015,	NULL),
('3225684',	'COMP460',	'1     ',	2015,	NULL),
('3225684',	'COMP460',	'1     ',	2015,	NULL),
('3225684',	'COMS410',	'2     ',	2015,	NULL),
('3225684',	'COMP460',	'2     ',	2015,	NULL),
('3225684',	'COMP450',	'2     ',	2015,	NULL),
('3225684',	'COMP440',	'2     ',	2015,	NULL),
('3222215',	'INFS120',	'1     ',	2012,	5),
('3222215',	'COMP130',	'1     ',	2012,	5),
('3222215',	'COMP150',	'1     ',	2012,	6),
('3222215',	'COMP150',	'1     ',	2012,	6),
('3222215',	'COMP180',	'2     ',	2012,	6),
('3222215',	'COGS100',	'2     ',	2012,	6),
('3222215',	'ELEC100',	'2     ',	2012,	6),
('3222215',	'IENV120',	'2     ',	2012,	6),
('3222215',	'INFS220',	'1     ',	2013,	6),
('3222215',	'COMP200',	'1     ',	2013,	6),
('3222215',	'COMP210',	'1     ',	2013,	7),
('3222215',	'COMP280',	'1     ',	2013,	7),
('3222215',	'COMS200',	'2     ',	2013,	6),
('3222215',	'COMP230',	'2     ',	2013,	7),
('3222215',	'COMP230',	'2     ',	2013,	6),
('3222215',	'COMP250',	'2     ',	2013,	6),
('3222215',	'INFS310',	'1     ',	2014,	6),
('3222215',	'INFS320',	'1     ',	2014,	7),
('3222215',	'COMP320',	'1     ',	2014,	7),
('3222215',	'COMP320',	'1     ',	2014,	7),
('3222215',	'COMS310',	'2     ',	2014,	7),
('3222215',	'COMP330',	'2     ',	2014,	5),
('3222215',	'COMP340',	'2     ',	2014,	6),
('3222215',	'COMP340',	'2     ',	2014,	6),
('3222215',	'INFS410',	'1     ',	2015,	6),
('3222215',	'INFS420',	'1     ',	2015,	5),
('3222215',	'COMP460',	'1     ',	2015,	7),
('3222215',	'COMP460',	'1     ',	2015,	7),
('3222215',	'COMS410',	'2     ',	2015,	NULL),
('3222215',	'COMP460',	'2     ',	2015,	NULL),
('3222215',	'COMP450',	'2     ',	2015,	NULL),
('3222215',	'COMP440',	'2     ',	2015,	NULL),
('3665982',	'INFS120',	'1     ',	2012,	7),
('3665982',	'COMP130',	'1     ',	2012,	7),
('3665982',	'COMP150',	'1     ',	2012,	6),
('3665982',	'COMP150',	'1     ',	2012,	6),
('3665982',	'COMP180',	'2     ',	2012,	6),
('3665982',	'COGS100',	'2     ',	2012,	7),
('3665982',	'ELEC100',	'2     ',	2012,	6),
('3665982',	'IENV120',	'2     ',	2012,	6),
('3665982',	'INFS220',	'1     ',	2013,	6),
('3665982',	'COMP200',	'1     ',	2013,	7),
('3665982',	'COMP210',	'1     ',	2013,	5),
('3665982',	'COMP280',	'1     ',	2013,	5),
('3665982',	'COMS200',	'2     ',	2013,	5),
('3665982',	'COMP230',	'2     ',	2013,	5),
('3665982',	'COMP230',	'2     ',	2013,	7),
('3665982',	'COMP250',	'2     ',	2013,	6),
('3665982',	'INFS310',	'1     ',	2014,	6),
('3665982',	'INFS320',	'1     ',	2014,	6),
('3665982',	'COMP320',	'1     ',	2014,	6),
('3665982',	'COMP320',	'1     ',	2014,	6),
('3665982',	'COMS310',	'2     ',	2014,	7),
('3665982',	'COMP330',	'2     ',	2014,	6),
('3665982',	'COMP340',	'2     ',	2014,	7),
('3665982',	'COMP340',	'2     ',	2014,	7),
('3665982',	'INFS410',	'1     ',	2015,	6),
('3665982',	'INFS420',	'1     ',	2015,	5),
('3665982',	'COMP460',	'1     ',	2015,	7),
('3665982',	'COMP460',	'1     ',	2015,	7),
('3665982',	'COMS410',	'2     ',	2015,	NULL),
('3665982',	'COMP460',	'2     ',	2015,	NULL),
('3665982',	'COMP450',	'2     ',	2015,	NULL),
('3665982',	'COMP440',	'2     ',	2015,	NULL),
('3226511',	'INFS120',	'1     ',	2012,	4),
('3226511',	'COMP130',	'1     ',	2012,	5),
('4001236',	'INFS120',	'1     ',	2012,	4),
('4001236',	'COMP130',	'1     ',	2012,	5),
('4001236',	'COMP150',	'1     ',	2012,	5),
('4001236',	'COMP150',	'1     ',	2012,	7),
('4001236',	'COMP180',	'2     ',	2012,	6),
('4001236',	'COGS100',	'2     ',	2012,	6),
('4001236',	'ELEC100',	'2     ',	2012,	7),
('4001236',	'IENV120',	'2     ',	2012,	7),
('4001236',	'INFS220',	'1     ',	2013,	4),
('4001236',	'COMP200',	'1     ',	2013,	5),
('4001236',	'COMP210',	'1     ',	2013,	5),
('4001236',	'COMP280',	'1     ',	2013,	6),
('4001236',	'COMS200',	'2     ',	2013,	6),
('4001236',	'COMP230',	'2     ',	2013,	6),
('4001236',	'COMP230',	'2     ',	2013,	6),
('4001236',	'COMP250',	'2     ',	2013,	5),
('4001236',	'INFS310',	'1     ',	2014,	7),
('4001236',	'INFS320',	'1     ',	2014,	7),
('4001236',	'COMP320',	'1     ',	2014,	7),
('4001236',	'COMP320',	'1     ',	2014,	4),
('4001236',	'COMS310',	'2     ',	2014,	5),
('4001236',	'COMP330',	'2     ',	2014,	5),
('4001236',	'COMP340',	'2     ',	2014,	6),
('4001236',	'COMP340',	'2     ',	2014,	7),
('4001236',	'INFS410',	'1     ',	2015,	7),
('4001236',	'INFS420',	'1     ',	2015,	4),
('4001236',	'COMP460',	'1     ',	2015,	5),
('4001236',	'COMP460',	'1     ',	2015,	6),
('4001236',	'COMS410',	'2     ',	2015,	NULL),
('4001236',	'COMP460',	'2     ',	2015,	NULL),
('4001236',	'COMP450',	'2     ',	2015,	NULL),
('4001236',	'COMP440',	'2     ',	2015,	NULL),
('4552136',	'INFS120',	'1     ',	2014,	4),
('4552136',	'COMP130',	'1     ',	2014,	5),
('4552136',	'COMP150',	'1     ',	2014,	5),
('4552136',	'COMP150',	'1     ',	2014,	4),
('4552136',	'COMP180',	'2     ',	2014,	6),
('4552136',	'COGS100',	'2     ',	2014,	5),
('4552136',	'ELEC100',	'2     ',	2014,	7),
('4552136',	'IENV120',	'2     ',	2014,	4),
('4552136',	'INFS220',	'1     ',	2015,	4),
('4552136',	'COMP200',	'1     ',	2015,	4),
('4552136',	'COMP210',	'1     ',	2015,	5),
('4552136',	'COMP280',	'1     ',	2015,	6),
('4552136',	'COMS200',	'2     ',	2015,	NULL),
('4552136',	'COMP230',	'2     ',	2015,	NULL),
('4552136',	'COMP230',	'2     ',	2015,	NULL),
('4552136',	'COMP250',	'2     ',	2015,	NULL),
('4223598',	'INFS120',	'1     ',	2013,	5),
('4223598',	'COMP130',	'1     ',	2013,	5),
('4223598',	'COMP150',	'1     ',	2013,	6),
('4223598',	'COMP150',	'1     ',	2013,	7),
('4223598',	'COMP180',	'2     ',	2013,	6),
('4223598',	'COGS100',	'2     ',	2013,	6),
('4223598',	'ELEC100',	'2     ',	2013,	7),
('4223598',	'IENV120',	'2     ',	2013,	7),
('4223598',	'INFS220',	'1     ',	2014,	4),
('4223598',	'COMP200',	'1     ',	2014,	5),
('4223598',	'COMP210',	'1     ',	2014,	4),
('4223598',	'COMP280',	'1     ',	2014,	4),
('4223598',	'COMS200',	'2     ',	2014,	5),
('4223598',	'COMP230',	'2     ',	2014,	6),
('4223598',	'COMP230',	'2     ',	2014,	6),
('4223598',	'COMP250',	'2     ',	2014,	6),
('4223598',	'INFS310',	'1     ',	2015,	7),
('4223598',	'INFS320',	'1     ',	2015,	7),
('4223598',	'COMP320',	'1     ',	2015,	4),
('4223598',	'COMP320',	'1     ',	2015,	5),
('4223598',	'COMS310',	'2     ',	2015,	NULL),
('4223598',	'COMP330',	'2     ',	2015,	NULL),
('4223598',	'COMP340',	'2     ',	2015,	NULL),
('4223598',	'COMP340',	'2     ',	2015,	NULL),
('4889675',	'INFS120',	'1     ',	2015,	5),
('4889675',	'COMP130',	'1     ',	2015,	5),
('4889675',	'COMP150',	'1     ',	2015,	6),
('4889675',	'COMP150',	'1     ',	2015,	6),
('4889675',	'COMP180',	'2     ',	2015,	NULL),
('4889675',	'COGS100',	'2     ',	2015,	NULL),
('4889675',	'ELEC100',	'2     ',	2015,	NULL),
('4889675',	'IENV120',	'2     ',	2015,	NULL),
('4021658',	'INFS120',	'1     ',	2014,	3),
('4021658',	'COMP130',	'1     ',	2014,	4),
('4021658',	'COMP150',	'1     ',	2014,	5),
('4021658',	'COMP150',	'1     ',	2014,	5),
('4021658',	'COMP180',	'2     ',	2014,	5),
('4021658',	'COGS100',	'2     ',	2014,	5),
('4021658',	'ELEC100',	'2     ',	2014,	6),
('4021658',	'IENV120',	'2     ',	2014,	6),
('4021658',	'INFS220',	'1     ',	2015,	7),
('4021658',	'COMP200',	'1     ',	2015,	6),
('4021658',	'COMP210',	'1     ',	2015,	5),
('4021658',	'COMP280',	'1     ',	2015,	5),
('4021658',	'COMS200',	'2     ',	2015,	NULL),
('4021658',	'COMP230',	'2     ',	2015,	NULL),
('4021658',	'COMP230',	'2     ',	2015,	NULL),
('4021658',	'COMP250',	'2     ',	2015,	NULL),
('4778748',	'INFS120',	'1     ',	2013,	6),
('4778748',	'COMP130',	'1     ',	2013,	5),
('4778748',	'COMP150',	'1     ',	2013,	6),
('4778748',	'COMP150',	'1     ',	2013,	6),
('4778748',	'COMP180',	'2     ',	2013,	7),
('4778748',	'COGS100',	'2     ',	2013,	7),
('4778748',	'ELEC100',	'2     ',	2013,	7),
('4778748',	'IENV120',	'2     ',	2013,	7),
('4778748',	'INFS220',	'1     ',	2014,	6),
('4778748',	'COMP200',	'1     ',	2014,	7),
('4778748',	'COMP210',	'1     ',	2014,	7),
('4778748',	'COMP280',	'1     ',	2014,	5),
('4778748',	'COMS200',	'2     ',	2014,	7),
('4778748',	'COMP230',	'2     ',	2014,	7),
('4778748',	'COMP230',	'2     ',	2014,	5),
('4778748',	'COMP250',	'2     ',	2014,	5),
('4778748',	'INFS310',	'1     ',	2015,	6),
('4778748',	'INFS320',	'1     ',	2015,	6),
('4778748',	'COMP320',	'1     ',	2015,	6),
('4778748',	'COMP320',	'1     ',	2015,	6),
('4778748',	'COMS310',	'2     ',	2015,	NULL),
('4778748',	'COMP330',	'2     ',	2015,	NULL),
('4778748',	'COMP340',	'2     ',	2015,	NULL),
('4778748',	'COMP340',	'2     ',	2015,	NULL),
('4665264',	'INFS120',	'1     ',	2012,	4),
('4665264',	'COMP130',	'1     ',	2012,	5),
('4665264',	'COMP150',	'1     ',	2012,	4),
('4665264',	'COMP150',	'1     ',	2012,	4),
('4665264',	'COMP180',	'2     ',	2012,	4),
('4665264',	'COGS100',	'2     ',	2012,	4),
('4665264',	'ELEC100',	'2     ',	2012,	4),
('4665264',	'IENV120',	'2     ',	2012,	4),
('4665264',	'INFS220',	'1     ',	2013,	5),
('4665264',	'COMP200',	'1     ',	2013,	5),
('4665264',	'COMP210',	'1     ',	2013,	4),
('4665264',	'COMP280',	'1     ',	2013,	5),
('4665264',	'COMS200',	'2     ',	2013,	4),
('4665264',	'COMP230',	'2     ',	2013,	5),
('4665264',	'COMP230',	'2     ',	2013,	4),
('4665264',	'COMP250',	'2     ',	2013,	5),
('4665264',	'INFS310',	'1     ',	2014,	5),
('4665264',	'INFS320',	'1     ',	2014,	4),
('4665264',	'COMP320',	'1     ',	2014,	4),
('4665264',	'COMP320',	'1     ',	2014,	5),
('4665264',	'COMS310',	'2     ',	2014,	5),
('4665264',	'COMP330',	'2     ',	2014,	4),
('4665264',	'COMP340',	'2     ',	2014,	4),
('4665264',	'COMP340',	'2     ',	2014,	4),
('4665264',	'INFS410',	'1     ',	2015,	5),
('4665264',	'INFS420',	'1     ',	2015,	5),
('4665264',	'COMP460',	'1     ',	2015,	5),
('4665264',	'COMP460',	'1     ',	2015,	5),
('4665264',	'COMS410',	'2     ',	2015,	NULL),
('4665264',	'COMP460',	'2     ',	2015,	NULL),
('4665264',	'COMP450',	'2     ',	2015,	NULL),
('4665264',	'COMP440',	'2     ',	2015,	NULL),
('4552895',	'INFS120',	'1     ',	2012,	4),
('4552895',	'COMP130',	'1     ',	2012,	5),
('4552895',	'COMP150',	'1     ',	2012,	5),
('4552895',	'COMP150',	'1     ',	2012,	6),
('4552895',	'COMP180',	'2     ',	2012,	6),
('4552895',	'COGS100',	'2     ',	2012,	6),
('4552895',	'ELEC100',	'2     ',	2012,	6),
('4552895',	'IENV120',	'2     ',	2012,	7),
('4552895',	'INFS220',	'1     ',	2013,	6),
('4552895',	'COMP200',	'1     ',	2013,	5),
('4552895',	'COMP210',	'1     ',	2013,	6),
('4552895',	'COMP280',	'1     ',	2013,	5),
('4552895',	'COMS200',	'2     ',	2013,	5),
('4552895',	'COMP230',	'2     ',	2013,	5),
('4552895',	'COMP230',	'2     ',	2013,	7),
('4552895',	'COMP250',	'2     ',	2013,	7),
('4552895',	'INFS310',	'1     ',	2014,	7),
('4552895',	'INFS320',	'1     ',	2014,	6),
('4552895',	'COMP320',	'1     ',	2014,	7),
('4552895',	'COMP320',	'1     ',	2014,	7),
('4552895',	'COMS310',	'2     ',	2014,	7),
('4552895',	'COMP330',	'2     ',	2014,	6),
('4552895',	'COMP340',	'2     ',	2014,	6),
('4552895',	'COMP340',	'2     ',	2014,	6),
('4552895',	'INFS410',	'1     ',	2015,	5),
('4552895',	'INFS420',	'1     ',	2015,	6),
('4552895',	'COMP460',	'1     ',	2015,	6),
('4552895',	'COMP460',	'1     ',	2015,	7),
('4552895',	'COMS410',	'2     ',	2015,	NULL),
('4552895',	'COMP460',	'2     ',	2015,	NULL),
('4552895',	'COMP450',	'2     ',	2015,	NULL),
('4552895',	'COMP440',	'2     ',	2015,	NULL),
('4778213',	'INFS120',	'1     ',	2012,	5),
('4778213',	'COMP130',	'1     ',	2012,	4),
('4778213',	'COMP150',	'1     ',	2012,	5),
('4778213',	'COMP150',	'1     ',	2012,	5),
('4778213',	'COMP180',	'2     ',	2012,	5),
('4778213',	'COGS100',	'2     ',	2012,	5),
('4778213',	'ELEC100',	'2     ',	2012,	5),
('4778213',	'IENV120',	'2     ',	2012,	5),
('4778213',	'INFS220',	'1     ',	2013,	6),
('4778213',	'COMP200',	'1     ',	2013,	6),
('4778213',	'COMP210',	'1     ',	2013,	7),
('4778213',	'COMP280',	'1     ',	2013,	4),
('4778213',	'COMS200',	'2     ',	2013,	5),
('4778213',	'COMP230',	'2     ',	2013,	5),
('4778213',	'COMP230',	'2     ',	2013,	6),
('4778213',	'COMP250',	'2     ',	2013,	7),
('4778213',	'INFS310',	'1     ',	2014,	7),
('4778213',	'INFS320',	'1     ',	2014,	5),
('4778213',	'COMP320',	'1     ',	2014,	5),
('4778213',	'COMP320',	'1     ',	2014,	4),
('4778213',	'COMS310',	'2     ',	2014,	5),
('4778213',	'COMP330',	'2     ',	2014,	6),
('4778213',	'COMP340',	'2     ',	2014,	6),
('4778213',	'COMP340',	'2     ',	2014,	7),
('4778213',	'INFS410',	'1     ',	2015,	4),
('4778213',	'INFS420',	'1     ',	2015,	5),
('4778213',	'COMP460',	'1     ',	2015,	7),
('4778213',	'COMP460',	'1     ',	2015,	7),
('4778213',	'COMS410',	'2     ',	2015,	NULL),
('4778213',	'COMP460',	'2     ',	2015,	NULL),
('4778213',	'COMP450',	'2     ',	2015,	NULL),
('4778213',	'COMP440',	'2     ',	2015,	NULL),
('4002135',	'INFS120',	'1     ',	2012,	5),
('4002135',	'COMP130',	'1     ',	2012,	5),
('4002135',	'COMP150',	'1     ',	2012,	5),
('4002135',	'COMP150',	'1     ',	2012,	6),
('4002135',	'COMP180',	'2     ',	2012,	6),
('4002135',	'COGS100',	'2     ',	2012,	7),
('4002135',	'ELEC100',	'2     ',	2012,	7),
('4002135',	'IENV120',	'2     ',	2012,	5),
('4002135',	'INFS220',	'1     ',	2013,	6),
('4002135',	'COMP200',	'1     ',	2013,	6),
('4002135',	'COMP210',	'1     ',	2013,	7),
('4002135',	'COMP280',	'1     ',	2013,	7),
('4002135',	'COMS200',	'2     ',	2013,	7),
('4002135',	'COMP230',	'2     ',	2013,	7),
('4002135',	'COMP230',	'2     ',	2013,	7),
('4002135',	'COMP250',	'2     ',	2013,	7),
('4002135',	'INFS310',	'1     ',	2014,	6),
('4002135',	'INFS320',	'1     ',	2014,	6),
('4002135',	'COMP320',	'1     ',	2014,	5),
('4002135',	'COMP320',	'1     ',	2014,	7),
('4002135',	'COMS310',	'2     ',	2014,	7),
('4002135',	'COMP330',	'2     ',	2014,	6),
('4002135',	'COMP340',	'2     ',	2014,	5),
('4002135',	'COMP340',	'2     ',	2014,	6),
('4002135',	'INFS410',	'1     ',	2015,	5),
('4002135',	'INFS420',	'1     ',	2015,	5),
('4002135',	'COMP460',	'1     ',	2015,	6),
('4002135',	'COMP460',	'1     ',	2015,	7),
('4002135',	'COMS410',	'2     ',	2015,	NULL),
('4002135',	'COMP460',	'2     ',	2015,	NULL),
('4002135',	'COMP450',	'2     ',	2015,	NULL),
('4002135',	'COMP440',	'2     ',	2015,	NULL),
('4012120',	'INFS120',	'1     ',	2012,	5),
('4012120',	'COMP130',	'1     ',	2012,	6),
('4012120',	'COMP150',	'1     ',	2012,	7),
('4012120',	'COMP150',	'1     ',	2012,	7),
('4012120',	'COMP180',	'2     ',	2012,	6),
('4012120',	'COGS100',	'2     ',	2012,	6),
('4012120',	'ELEC100',	'2     ',	2012,	6),
('4012120',	'IENV120',	'2     ',	2012,	6),
('4012120',	'INFS220',	'1     ',	2013,	5),
('4012120',	'COMP200',	'1     ',	2013,	5),
('4012120',	'COMP210',	'1     ',	2013,	6),
('4012120',	'COMP280',	'1     ',	2013,	7),
('4012120',	'COMS200',	'2     ',	2013,	7),
('4012120',	'COMP230',	'2     ',	2013,	6),
('4012120',	'COMP230',	'2     ',	2013,	5),
('4012120',	'COMP250',	'2     ',	2013,	5),
('4012120',	'INFS310',	'1     ',	2014,	4),
('4012120',	'INFS320',	'1     ',	2014,	5),
('4012120',	'COMP320',	'1     ',	2014,	6),
('4012120',	'COMP320',	'1     ',	2014,	7),
('4012120',	'COMS310',	'2     ',	2014,	7),
('4012120',	'COMP330',	'2     ',	2014,	7),
('4012120',	'COMP340',	'2     ',	2014,	6),
('4012120',	'COMP340',	'2     ',	2014,	5),
('4012120',	'INFS410',	'1     ',	2015,	5),
('4012120',	'INFS420',	'1     ',	2015,	5),
('4012120',	'COMP460',	'1     ',	2015,	6),
('4012120',	'COMP460',	'1     ',	2015,	6),
('4012120',	'COMS410',	'2     ',	2015,	NULL),
('4012120',	'COMP460',	'2     ',	2015,	NULL),
('4012120',	'COMP450',	'2     ',	2015,	NULL),
('4012120',	'COMP440',	'2     ',	2015,	NULL),
('4550021',	'INFS120',	'1     ',	2015,	5),
('4550021',	'COMP130',	'1     ',	2015,	6),
('4550021',	'COMP150',	'1     ',	2015,	6),
('4550021',	'COMP150',	'1     ',	2015,	7),
('4550021',	'COMP180',	'2     ',	2015,	NULL),
('4550021',	'COGS100',	'2     ',	2015,	NULL),
('4550021',	'ELEC100',	'2     ',	2015,	NULL),
('4550021',	'IENV120',	'2     ',	2015,	NULL),
('4630202',	'INFS120',	'1     ',	2014,	5),
('4630202',	'COMP130',	'1     ',	2014,	6),
('4630202',	'COMP150',	'1     ',	2014,	4),
('4630202',	'COMP150',	'1     ',	2014,	7),
('4630202',	'COMP180',	'2     ',	2014,	7),
('4630202',	'COGS100',	'2     ',	2014,	7),
('4630202',	'ELEC100',	'2     ',	2014,	5),
('4630202',	'IENV120',	'2     ',	2014,	5),
('4630202',	'INFS220',	'1     ',	2015,	6),
('4630202',	'COMP200',	'1     ',	2015,	6),
('4630202',	'COMP210',	'1     ',	2015,	6),
('4630202',	'COMP280',	'1     ',	2015,	7),
('4630202',	'COMS200',	'2     ',	2015,	NULL),
('4630202',	'COMP230',	'2     ',	2015,	NULL),
('4630202',	'COMP230',	'2     ',	2015,	NULL),
('4630202',	'COMP250',	'2     ',	2015,	NULL),
('4558231',	'INFS120',	'1     ',	2013,	4),
('4558231',	'COMP130',	'1     ',	2013,	5),
('4558231',	'COMP150',	'1     ',	2013,	5),
('4558231',	'COMP150',	'1     ',	2013,	6),
('4558231',	'COMP180',	'2     ',	2013,	7),
('4558231',	'COGS100',	'2     ',	2013,	7),
('4558231',	'ELEC100',	'2     ',	2013,	4),
('4558231',	'IENV120',	'2     ',	2013,	4),
('4558231',	'INFS220',	'1     ',	2014,	5),
('4558231',	'COMP200',	'1     ',	2014,	5),
('4558231',	'COMP210',	'1     ',	2014,	7),
('4558231',	'COMP280',	'1     ',	2014,	5),
('4558231',	'COMS200',	'2     ',	2014,	6),
('4558231',	'COMP230',	'2     ',	2014,	6),
('4558231',	'COMP230',	'2     ',	2014,	6),
('4558231',	'COMP250',	'2     ',	2014,	6),
('4558231',	'INFS310',	'1     ',	2015,	7),
('4558231',	'INFS320',	'1     ',	2015,	6),
('4558231',	'COMP320',	'1     ',	2015,	5),
('4558231',	'COMP320',	'1     ',	2015,	4),
('4558231',	'COMS310',	'2     ',	2015,	NULL),
('4558231',	'COMP330',	'2     ',	2015,	NULL),
('4558231',	'COMP340',	'2     ',	2015,	NULL),
('4558231',	'COMP340',	'2     ',	2015,	NULL),
('4002365',	'INFS120',	'1     ',	2015,	5),
('4002365',	'COMP130',	'1     ',	2015,	5),
('4002365',	'COMP150',	'1     ',	2015,	6),
('4002365',	'COMP150',	'1     ',	2015,	7),
('4002365',	'COMP180',	'2     ',	2015,	NULL),
('4002365',	'COGS100',	'2     ',	2015,	NULL),
('4002365',	'ELEC100',	'2     ',	2015,	NULL),
('4002365',	'IENV120',	'2     ',	2015,	NULL),
('4552630',	'INFS120',	'1     ',	2014,	6),
('4552630',	'COMP130',	'1     ',	2014,	6),
('4552630',	'COMP150',	'1     ',	2014,	6),
('4552630',	'COMP150',	'1     ',	2014,	5),
('4552630',	'COMP180',	'2     ',	2014,	5),
('4552630',	'COGS100',	'2     ',	2014,	7),
('4552630',	'ELEC100',	'2     ',	2014,	7),
('4552630',	'IENV120',	'2     ',	2014,	4),
('4552630',	'INFS220',	'1     ',	2015,	5),
('4552630',	'COMP200',	'1     ',	2015,	5),
('4552630',	'COMP210',	'1     ',	2015,	5),
('4552630',	'COMP280',	'1     ',	2015,	5),
('4552630',	'COMS200',	'2     ',	2015,	NULL),
('4552630',	'COMP230',	'2     ',	2015,	NULL),
('4552630',	'COMP230',	'2     ',	2015,	NULL),
('4552630',	'COMP250',	'2     ',	2015,	NULL),
('3226511',	'COMP150',	'1     ',	2012,	6),
('3226511',	'COMP150',	'1     ',	2012,	6),
('3226511',	'COMP180',	'2     ',	2012,	6),
('3226511',	'COGS100',	'2     ',	2012,	5),
('3226511',	'ELEC100',	'2     ',	2012,	4),
('3226511',	'IENV120',	'2     ',	2012,	4),
('3226511',	'INFS220',	'1     ',	2013,	4),
('3226511',	'COMP200',	'1     ',	2013,	5),
('3226511',	'COMP210',	'1     ',	2013,	5),
('3226511',	'COMP280',	'1     ',	2013,	5),
('3226511',	'COMS200',	'2     ',	2013,	6),
('3226511',	'COMP230',	'2     ',	2013,	6),
('3226511',	'COMP230',	'2     ',	2013,	7),
('3226511',	'COMP250',	'2     ',	2013,	6),
('3226511',	'INFS310',	'1     ',	2014,	7),
('3226511',	'INFS320',	'1     ',	2014,	7),
('3226511',	'COMP320',	'1     ',	2014,	6),
('3226511',	'COMP320',	'1     ',	2014,	4),
('3226511',	'COMS310',	'2     ',	2014,	4),
('3226511',	'COMP330',	'2     ',	2014,	5),
('3226511',	'COMP340',	'2     ',	2014,	5),
('3226511',	'COMP340',	'2     ',	2014,	6),
('3226511',	'INFS410',	'1     ',	2015,	6),
('3226511',	'INFS420',	'1     ',	2015,	6),
('3226511',	'COMP460',	'1     ',	2015,	6),
('3226511',	'COMP460',	'1     ',	2015,	6),
('3226511',	'COMS410',	'2     ',	2015,	NULL),
('3226511',	'COMP460',	'2     ',	2015,	NULL),
('3226511',	'COMP450',	'2     ',	2015,	NULL),
('3226511',	'COMP440',	'2     ',	2015,	NULL),
('3669854',	'INFS120',	'1     ',	2013,	4),
('3669854',	'COMP130',	'1     ',	2013,	4),
('3669854',	'COMP150',	'1     ',	2013,	5),
('3669854',	'COMP150',	'1     ',	2013,	6),
('3669854',	'COMP180',	'2     ',	2013,	3),
('3669854',	'COGS100',	'2     ',	2013,	4),
('3669854',	'ELEC100',	'2     ',	2013,	5),
('3669854',	'IENV120',	'2     ',	2013,	4),
('3669854',	'INFS220',	'1     ',	2014,	4),
('3669854',	'COMP200',	'1     ',	2014,	6),
('3669854',	'COMP210',	'1     ',	2014,	4),
('3669854',	'COMP280',	'1     ',	2014,	5),
('3669854',	'COMS200',	'2     ',	2014,	5),
('3669854',	'COMP230',	'2     ',	2014,	5),
('3669854',	'COMP230',	'2     ',	2014,	6),
('3669854',	'COMP250',	'2     ',	2014,	4);

CREATE TABLE `Student_Tutorials` (
  `student_no` varchar(7) NOT NULL,
  `tutorial_no` varchar(7) NOT NULL,
  `course_no` varchar(7) NOT NULL,
  `semester` varchar(7) NOT NULL,
  `year` int(11) NOT NULL
) ENGINE=InnoDB DEFAULT CHARSET=utf8;

INSERT INTO `Student_Tutorials` (`student_no`, `tutorial_no`, `course_no`, `semester`, `year`) VALUES
('3665982',	'B      ',	'COMP130',	'1     ',	2012),
('3665982',	'B      ',	'COMP150',	'1     ',	2012),
('3665982',	'B      ',	'COMP150',	'1     ',	2012),
('3665982',	'A      ',	'COMP180',	'2     ',	2012),
('3665982',	'A      ',	'COGS100',	'2     ',	2012),
('3665982',	'A      ',	'ELEC100',	'2     ',	2012),
('3665982',	'A      ',	'IENV120',	'2     ',	2012),
('3665982',	'B      ',	'INFS220',	'1     ',	2013),
('3665982',	'B      ',	'COMP200',	'1     ',	2013),
('3665982',	'B      ',	'COMP210',	'1     ',	2013),
('3665982',	'B      ',	'COMP280',	'1     ',	2013),
('3665982',	'A      ',	'COMS200',	'2     ',	2013),
('3665982',	'A      ',	'COMP230',	'2     ',	2013),
('3665982',	'A      ',	'COMP230',	'2     ',	2013),
('3665982',	'A      ',	'COMP250',	'2     ',	2013),
('3665982',	'B      ',	'INFS310',	'1     ',	2014),
('3665982',	'B      ',	'INFS320',	'1     ',	2014),
('3665982',	'B      ',	'COMP320',	'1     ',	2014),
('3665982',	'B      ',	'COMP320',	'1     ',	2014),
('3665982',	'A      ',	'COMS310',	'2     ',	2014),
('3665982',	'A      ',	'COMP330',	'2     ',	2014),
('3665982',	'A      ',	'COMP340',	'2     ',	2014),
('3665982',	'A      ',	'COMP340',	'2     ',	2014),
('3665982',	'B      ',	'INFS410',	'1     ',	2015),
('3665982',	'B      ',	'INFS420',	'1     ',	2015),
('3665982',	'B      ',	'COMP460',	'1     ',	2015),
('3665982',	'B      ',	'COMP460',	'1     ',	2015),
('3665982',	'A      ',	'COMS410',	'2     ',	2015),
('3665982',	'A      ',	'COMP460',	'2     ',	2015),
('3665982',	'A      ',	'COMP450',	'2     ',	2015),
('3665982',	'A      ',	'COMP440',	'2     ',	2015),
('3226511',	'A      ',	'INFS120',	'1     ',	2012),
('3226511',	'A      ',	'COMP130',	'1     ',	2012),
('3226511',	'A      ',	'COMP150',	'1     ',	2012),
('3226511',	'A      ',	'COMP150',	'1     ',	2012),
('3226511',	'B      ',	'COMP180',	'2     ',	2012),
('3226511',	'B      ',	'COGS100',	'2     ',	2012),
('3226511',	'B      ',	'ELEC100',	'2     ',	2012),
('3226511',	'B      ',	'IENV120',	'2     ',	2012),
('3226511',	'A      ',	'INFS220',	'1     ',	2013),
('3226511',	'A      ',	'COMP200',	'1     ',	2013),
('3226511',	'A      ',	'COMP210',	'1     ',	2013),
('3226511',	'A      ',	'COMP280',	'1     ',	2013),
('3226511',	'B      ',	'COMS200',	'2     ',	2013),
('3226511',	'B      ',	'COMP230',	'2     ',	2013),
('3226511',	'B      ',	'COMP230',	'2     ',	2013),
('3226511',	'B      ',	'COMP250',	'2     ',	2013),
('3226511',	'A      ',	'INFS310',	'1     ',	2014),
('3226511',	'A      ',	'INFS320',	'1     ',	2014),
('3226511',	'A      ',	'COMP320',	'1     ',	2014),
('3226511',	'A      ',	'COMP320',	'1     ',	2014),
('3226511',	'B      ',	'COMS310',	'2     ',	2014),
('3226511',	'B      ',	'COMP330',	'2     ',	2014),
('3226511',	'B      ',	'COMP340',	'2     ',	2014),
('3226511',	'B      ',	'COMP340',	'2     ',	2014),
('3226511',	'A      ',	'INFS410',	'1     ',	2015),
('3226511',	'A      ',	'INFS420',	'1     ',	2015),
('3226511',	'A      ',	'COMP460',	'1     ',	2015),
('3226511',	'A      ',	'COMP460',	'1     ',	2015),
('3226511',	'B      ',	'COMS410',	'2     ',	2015),
('3226511',	'B      ',	'COMP460',	'2     ',	2015),
('3226511',	'B      ',	'COMP450',	'2     ',	2015),
('3226511',	'B      ',	'COMP440',	'2     ',	2015),
('3669854',	'A      ',	'INFS120',	'1     ',	2013),
('3669854',	'A      ',	'COMP130',	'1     ',	2013),
('3669854',	'B      ',	'COMP150',	'1     ',	2013),
('3669854',	'A      ',	'COMP150',	'1     ',	2013),
('3669854',	'B      ',	'COMP180',	'2     ',	2013),
('3669854',	'A      ',	'COGS100',	'2     ',	2013),
('3669854',	'B      ',	'ELEC100',	'2     ',	2013),
('3669854',	'A      ',	'IENV120',	'2     ',	2013),
('3669854',	'A      ',	'INFS220',	'1     ',	2014),
('3669854',	'B      ',	'COMP200',	'1     ',	2014),
('3669854',	'A      ',	'COMP210',	'1     ',	2014),
('3669854',	'B      ',	'COMP280',	'1     ',	2014),
('3669854',	'B      ',	'COMS200',	'2     ',	2014),
('3669854',	'A      ',	'COMP230',	'2     ',	2014),
('3669854',	'A      ',	'COMP230',	'2     ',	2014),
('3669854',	'A      ',	'COMP250',	'2     ',	2014),
('3669854',	'A      ',	'INFS310',	'1     ',	2015),
('3669854',	'B      ',	'INFS320',	'1     ',	2015),
('3669854',	'B      ',	'COMP320',	'1     ',	2015),
('3669854',	'A      ',	'COMP320',	'1     ',	2015),
('3669854',	'A      ',	'COMS310',	'2     ',	2015),
('3669854',	'B      ',	'COMP330',	'2     ',	2015),
('3669854',	'B      ',	'COMP340',	'2     ',	2015),
('3669854',	'A      ',	'COMP340',	'2     ',	2015),
('3232698',	'B      ',	'INFS120',	'1     ',	2015),
('3232698',	'A      ',	'COMP130',	'1     ',	2015),
('3232698',	'B      ',	'COMP150',	'1     ',	2015),
('3232698',	'B      ',	'COMP150',	'1     ',	2015),
('3232698',	'B      ',	'COMP180',	'2     ',	2015),
('3232698',	'A      ',	'COGS100',	'2     ',	2015),
('3232698',	'A      ',	'ELEC100',	'2     ',	2015),
('3232698',	'B      ',	'IENV120',	'2     ',	2015),
('3444785',	'A      ',	'INFS120',	'1     ',	2014),
('3444785',	'B      ',	'COMP130',	'1     ',	2014),
('3444785',	'B      ',	'COMP150',	'1     ',	2014),
('3444785',	'A      ',	'COMP150',	'1     ',	2014),
('3444785',	'A      ',	'COMP180',	'2     ',	2014),
('3444785',	'A      ',	'COGS100',	'2     ',	2014),
('3444785',	'A      ',	'ELEC100',	'2     ',	2014),
('3444785',	'B      ',	'IENV120',	'2     ',	2014),
('3444785',	'B      ',	'INFS220',	'1     ',	2015),
('3444785',	'A      ',	'COMP200',	'1     ',	2015),
('3444785',	'A      ',	'COMP210',	'1     ',	2015),
('3444785',	'B      ',	'COMP280',	'1     ',	2015),
('3444785',	'A      ',	'COMS200',	'2     ',	2015),
('3444785',	'B      ',	'COMP230',	'2     ',	2015),
('3444785',	'A      ',	'COMP230',	'2     ',	2015),
('3444785',	'A      ',	'COMP250',	'2     ',	2015),
('3371528',	'A      ',	'INFS120',	'1     ',	2013),
('3371528',	'A      ',	'COMP130',	'1     ',	2013),
('3371528',	'B      ',	'COMP150',	'1     ',	2013),
('3371528',	'A      ',	'COMP150',	'1     ',	2013),
('3371528',	'B      ',	'COMP180',	'2     ',	2013),
('3371528',	'A      ',	'COGS100',	'2     ',	2013),
('3371528',	'B      ',	'ELEC100',	'2     ',	2013),
('3371528',	'A      ',	'IENV120',	'2     ',	2013),
('3371528',	'A      ',	'INFS220',	'1     ',	2014),
('3371528',	'B      ',	'COMP200',	'1     ',	2014),
('3371528',	'A      ',	'COMP210',	'1     ',	2014),
('3371528',	'B      ',	'COMP280',	'1     ',	2014),
('3371528',	'B      ',	'COMS200',	'2     ',	2014),
('3371528',	'A      ',	'COMP230',	'2     ',	2014),
('3371528',	'A      ',	'COMP230',	'2     ',	2014),
('3371528',	'A      ',	'COMP250',	'2     ',	2014),
('3371528',	'A      ',	'INFS310',	'1     ',	2015),
('3371528',	'B      ',	'INFS320',	'1     ',	2015),
('3371528',	'B      ',	'COMP320',	'1     ',	2015),
('3371528',	'A      ',	'COMP320',	'1     ',	2015),
('3371528',	'A      ',	'COMS310',	'2     ',	2015),
('3371528',	'B      ',	'COMP330',	'2     ',	2015),
('3371528',	'B      ',	'COMP340',	'2     ',	2015),
('3371528',	'A      ',	'COMP340',	'2     ',	2015),
('3326558',	'B      ',	'INFS120',	'1     ',	2015),
('3326558',	'A      ',	'COMP130',	'1     ',	2015),
('3326558',	'B      ',	'COMP150',	'1     ',	2015),
('3326558',	'B      ',	'COMP150',	'1     ',	2015),
('3326558',	'B      ',	'COMP180',	'2     ',	2015),
('3326558',	'A      ',	'COGS100',	'2     ',	2015),
('3326558',	'A      ',	'ELEC100',	'2     ',	2015),
('3326558',	'B      ',	'IENV120',	'2     ',	2015),
('3002100',	'A      ',	'INFS120',	'1     ',	2012),
('3002100',	'A      ',	'COMP130',	'1     ',	2012),
('3002100',	'A      ',	'COMP150',	'1     ',	2012),
('3002100',	'A      ',	'COMP150',	'1     ',	2012),
('3002100',	'B      ',	'COMP180',	'2     ',	2012),
('3002100',	'B      ',	'COGS100',	'2     ',	2012),
('3002100',	'B      ',	'ELEC100',	'2     ',	2012),
('3002100',	'B      ',	'IENV120',	'2     ',	2012),
('3002100',	'A      ',	'INFS220',	'1     ',	2013),
('3002100',	'A      ',	'COMP200',	'1     ',	2013),
('3002100',	'A      ',	'COMP210',	'1     ',	2013),
('3002100',	'A      ',	'COMP280',	'1     ',	2013),
('3002100',	'B      ',	'COMS200',	'2     ',	2013),
('3002100',	'B      ',	'COMP230',	'2     ',	2013),
('3002100',	'B      ',	'COMP230',	'2     ',	2013),
('3002100',	'B      ',	'COMP250',	'2     ',	2013),
('3002100',	'A      ',	'INFS310',	'1     ',	2014),
('3002100',	'A      ',	'INFS320',	'1     ',	2014),
('3002100',	'A      ',	'COMP320',	'1     ',	2014),
('3002100',	'A      ',	'COMP320',	'1     ',	2014),
('3002100',	'B      ',	'COMS310',	'2     ',	2014),
('3002100',	'B      ',	'COMP330',	'2     ',	2014),
('3002100',	'B      ',	'COMP340',	'2     ',	2014),
('3002100',	'B      ',	'COMP340',	'2     ',	2014),
('3002100',	'A      ',	'INFS410',	'1     ',	2015),
('3002100',	'A      ',	'INFS420',	'1     ',	2015),
('3002100',	'A      ',	'COMP460',	'1     ',	2015),
('3002100',	'A      ',	'COMP460',	'1     ',	2015),
('3002100',	'B      ',	'COMS410',	'2     ',	2015),
('3002100',	'B      ',	'COMP460',	'2     ',	2015),
('3002100',	'B      ',	'COMP450',	'2     ',	2015),
('3002100',	'B      ',	'COMP440',	'2     ',	2015),
('3665256',	'B      ',	'INFS120',	'1     ',	2012),
('3665256',	'B      ',	'COMP130',	'1     ',	2012),
('3665256',	'B      ',	'COMP150',	'1     ',	2012),
('3665256',	'B      ',	'COMP150',	'1     ',	2012),
('3665256',	'A      ',	'COMP180',	'2     ',	2012),
('3665256',	'A      ',	'COGS100',	'2     ',	2012),
('3665256',	'A      ',	'ELEC100',	'2     ',	2012),
('3665256',	'A      ',	'IENV120',	'2     ',	2012),
('3665256',	'B      ',	'INFS220',	'1     ',	2013),
('3665256',	'B      ',	'COMP200',	'1     ',	2013),
('3665256',	'B      ',	'COMP210',	'1     ',	2013),
('3665256',	'B      ',	'COMP280',	'1     ',	2013),
('3665256',	'A      ',	'COMS200',	'2     ',	2013),
('3665256',	'A      ',	'COMP230',	'2     ',	2013),
('3665256',	'A      ',	'COMP230',	'2     ',	2013),
('3665256',	'A      ',	'COMP250',	'2     ',	2013),
('3665256',	'B      ',	'INFS310',	'1     ',	2014),
('3665256',	'B      ',	'INFS320',	'1     ',	2014),
('3665256',	'B      ',	'COMP320',	'1     ',	2014),
('3665256',	'B      ',	'COMP320',	'1     ',	2014),
('3665256',	'A      ',	'COMS310',	'2     ',	2014),
('3665256',	'A      ',	'COMP330',	'2     ',	2014),
('3665256',	'A      ',	'COMP340',	'2     ',	2014),
('3665256',	'A      ',	'COMP340',	'2     ',	2014),
('3665256',	'B      ',	'INFS410',	'1     ',	2015),
('3665256',	'B      ',	'INFS420',	'1     ',	2015),
('3665256',	'B      ',	'COMP460',	'1     ',	2015),
('3665256',	'B      ',	'COMP460',	'1     ',	2015),
('3665256',	'A      ',	'COMS410',	'2     ',	2015),
('3665256',	'A      ',	'COMP460',	'2     ',	2015),
('3665256',	'A      ',	'COMP450',	'2     ',	2015),
('3665256',	'A      ',	'COMP440',	'2     ',	2015),
('3220012',	'A      ',	'INFS120',	'1     ',	2012),
('3220012',	'A      ',	'COMP130',	'1     ',	2012),
('3220012',	'A      ',	'COMP150',	'1     ',	2012),
('3220012',	'A      ',	'COMP150',	'1     ',	2012),
('3220012',	'B      ',	'COMP180',	'2     ',	2012),
('3220012',	'B      ',	'COGS100',	'2     ',	2012),
('3220012',	'B      ',	'ELEC100',	'2     ',	2012),
('3220012',	'B      ',	'IENV120',	'2     ',	2012),
('3220012',	'A      ',	'INFS220',	'1     ',	2013),
('3220012',	'A      ',	'COMP200',	'1     ',	2013),
('3220012',	'A      ',	'COMP210',	'1     ',	2013),
('3220012',	'A      ',	'COMP280',	'1     ',	2013),
('3220012',	'B      ',	'COMS200',	'2     ',	2013),
('3220012',	'B      ',	'COMP230',	'2     ',	2013),
('3220012',	'B      ',	'COMP230',	'2     ',	2013),
('3220012',	'B      ',	'COMP250',	'2     ',	2013),
('3220012',	'A      ',	'INFS310',	'1     ',	2014),
('3220012',	'A      ',	'INFS320',	'1     ',	2014),
('3220012',	'A      ',	'COMP320',	'1     ',	2014),
('3220012',	'A      ',	'COMP320',	'1     ',	2014),
('3220012',	'B      ',	'COMS310',	'2     ',	2014),
('3220012',	'B      ',	'COMP330',	'2     ',	2014),
('3220012',	'B      ',	'COMP340',	'2     ',	2014),
('3220012',	'B      ',	'COMP340',	'2     ',	2014),
('3220012',	'A      ',	'INFS410',	'1     ',	2015),
('3220012',	'A      ',	'INFS420',	'1     ',	2015),
('3220012',	'A      ',	'COMP460',	'1     ',	2015),
('3220012',	'A      ',	'COMP460',	'1     ',	2015),
('3220012',	'B      ',	'COMS410',	'2     ',	2015),
('3220012',	'B      ',	'COMP460',	'2     ',	2015),
('3220012',	'B      ',	'COMP450',	'2     ',	2015),
('3220012',	'B      ',	'COMP440',	'2     ',	2015),
('3002569',	'B      ',	'INFS120',	'1     ',	2012),
('3002569',	'B      ',	'COMP130',	'1     ',	2012),
('3002569',	'B      ',	'COMP150',	'1     ',	2012),
('3002569',	'B      ',	'COMP150',	'1     ',	2012),
('3002569',	'A      ',	'COMP180',	'2     ',	2012),
('3002569',	'A      ',	'COGS100',	'2     ',	2012),
('3002569',	'A      ',	'ELEC100',	'2     ',	2012),
('3002569',	'A      ',	'IENV120',	'2     ',	2012),
('3002569',	'B      ',	'INFS220',	'1     ',	2013),
('3002569',	'B      ',	'COMP200',	'1     ',	2013),
('3002569',	'B      ',	'COMP210',	'1     ',	2013),
('3002569',	'B      ',	'COMP280',	'1     ',	2013),
('3002569',	'A      ',	'COMS200',	'2     ',	2013),
('3002569',	'A      ',	'COMP230',	'2     ',	2013),
('3002569',	'A      ',	'COMP230',	'2     ',	2013),
('3002569',	'A      ',	'COMP250',	'2     ',	2013),
('3002569',	'B      ',	'INFS310',	'1     ',	2014),
('3002569',	'B      ',	'INFS320',	'1     ',	2014),
('3002569',	'B      ',	'COMP320',	'1     ',	2014),
('3002569',	'B      ',	'COMP320',	'1     ',	2014),
('3002569',	'A      ',	'COMS310',	'2     ',	2014),
('3002569',	'A      ',	'COMP330',	'2     ',	2014),
('3002569',	'A      ',	'COMP340',	'2     ',	2014),
('3002569',	'A      ',	'COMP340',	'2     ',	2014),
('3002569',	'B      ',	'INFS410',	'1     ',	2015),
('3002569',	'B      ',	'INFS420',	'1     ',	2015),
('3002569',	'B      ',	'COMP460',	'1     ',	2015),
('3002569',	'B      ',	'COMP460',	'1     ',	2015),
('3002569',	'A      ',	'COMS410',	'2     ',	2015),
('3002569',	'A      ',	'COMP460',	'2     ',	2015),
('3002569',	'A      ',	'COMP450',	'2     ',	2015),
('3002569',	'A      ',	'COMP440',	'2     ',	2015),
('3444852',	'B      ',	'INFS120',	'1     ',	2012),
('3444852',	'B      ',	'COMP130',	'1     ',	2012),
('3444852',	'B      ',	'COMP150',	'1     ',	2012),
('3444852',	'B      ',	'COMP150',	'1     ',	2012),
('3444852',	'A      ',	'COMP180',	'2     ',	2012),
('3444852',	'A      ',	'COGS100',	'2     ',	2012),
('3444852',	'A      ',	'ELEC100',	'2     ',	2012),
('3444852',	'A      ',	'IENV120',	'2     ',	2012),
('3444852',	'B      ',	'INFS220',	'1     ',	2013),
('3444852',	'B      ',	'COMP200',	'1     ',	2013),
('3444852',	'B      ',	'COMP210',	'1     ',	2013),
('3444852',	'B      ',	'COMP280',	'1     ',	2013),
('3444852',	'A      ',	'COMS200',	'2     ',	2013),
('3444852',	'A      ',	'COMP230',	'2     ',	2013),
('3444852',	'A      ',	'COMP230',	'2     ',	2013),
('3444852',	'A      ',	'COMP250',	'2     ',	2013),
('3444852',	'B      ',	'INFS310',	'1     ',	2014),
('3444852',	'B      ',	'INFS320',	'1     ',	2014),
('3444852',	'B      ',	'COMP320',	'1     ',	2014),
('3444852',	'B      ',	'COMP320',	'1     ',	2014),
('3444852',	'A      ',	'COMS310',	'2     ',	2014),
('3444852',	'A      ',	'COMP330',	'2     ',	2014),
('3444852',	'A      ',	'COMP340',	'2     ',	2014),
('3444852',	'A      ',	'COMP340',	'2     ',	2014),
('3444852',	'B      ',	'INFS410',	'1     ',	2015),
('3444852',	'B      ',	'INFS420',	'1     ',	2015),
('3444852',	'B      ',	'COMP460',	'1     ',	2015),
('3444852',	'B      ',	'COMP460',	'1     ',	2015),
('3444852',	'A      ',	'COMS410',	'2     ',	2015),
('3444852',	'A      ',	'COMP460',	'2     ',	2015),
('3444852',	'A      ',	'COMP450',	'2     ',	2015),
('3444852',	'A      ',	'COMP440',	'2     ',	2015),
('4002156',	'A      ',	'INFS120',	'1     ',	2012),
('4002156',	'A      ',	'COMP130',	'1     ',	2012),
('4002156',	'A      ',	'COMP150',	'1     ',	2012),
('4002156',	'A      ',	'COMP150',	'1     ',	2012),
('4002156',	'B      ',	'COMP180',	'2     ',	2012),
('4002156',	'B      ',	'COGS100',	'2     ',	2012),
('4002156',	'B      ',	'ELEC100',	'2     ',	2012),
('4002156',	'B      ',	'IENV120',	'2     ',	2012),
('4002156',	'A      ',	'INFS220',	'1     ',	2013),
('4002156',	'A      ',	'COMP200',	'1     ',	2013),
('4002156',	'A      ',	'COMP210',	'1     ',	2013),
('4002156',	'A      ',	'COMP280',	'1     ',	2013),
('4002156',	'B      ',	'COMS200',	'2     ',	2013),
('4002156',	'B      ',	'COMP230',	'2     ',	2013),
('4002156',	'B      ',	'COMP230',	'2     ',	2013),
('4002156',	'B      ',	'COMP250',	'2     ',	2013),
('4002156',	'A      ',	'INFS310',	'1     ',	2014),
('4002156',	'A      ',	'INFS320',	'1     ',	2014),
('4002156',	'A      ',	'COMP320',	'1     ',	2014),
('4002156',	'A      ',	'COMP320',	'1     ',	2014),
('4002156',	'B      ',	'COMS310',	'2     ',	2014),
('4002156',	'B      ',	'COMP330',	'2     ',	2014),
('4002156',	'B      ',	'COMP340',	'2     ',	2014),
('4002156',	'B      ',	'COMP340',	'2     ',	2014),
('4002156',	'A      ',	'INFS410',	'1     ',	2015),
('4002156',	'A      ',	'INFS420',	'1     ',	2015),
('4002156',	'A      ',	'COMP460',	'1     ',	2015),
('4002156',	'A      ',	'COMP460',	'1     ',	2015),
('4002156',	'B      ',	'COMS410',	'2     ',	2015),
('4002156',	'B      ',	'COMP460',	'2     ',	2015),
('4002156',	'B      ',	'COMP450',	'2     ',	2015),
('4002156',	'B      ',	'COMP440',	'2     ',	2015),
('4112503',	'B      ',	'INFS120',	'1     ',	2012),
('4112503',	'B      ',	'COMP130',	'1     ',	2012),
('4112503',	'B      ',	'COMP150',	'1     ',	2012),
('3012120',	'A      ',	'INFS120',	'1     ',	2015),
('3012120',	'A      ',	'COMP130',	'1     ',	2015),
('3012120',	'B      ',	'COMP150',	'1     ',	2015),
('3012120',	'A      ',	'COMP150',	'1     ',	2015),
('3012120',	'A      ',	'COMP180',	'2     ',	2015),
('3012120',	'B      ',	'COGS100',	'2     ',	2015),
('3012120',	'B      ',	'ELEC100',	'2     ',	2015),
('3012120',	'B      ',	'IENV120',	'2     ',	2015),
('3056854',	'A      ',	'INFS120',	'1     ',	2014),
('3056854',	'A      ',	'COMP130',	'1     ',	2014),
('3056854',	'A      ',	'COMP150',	'1     ',	2014),
('3056854',	'A      ',	'COMP150',	'1     ',	2014),
('3056854',	'B      ',	'COMP180',	'2     ',	2014),
('3056854',	'A      ',	'COGS100',	'2     ',	2014),
('3056854',	'B      ',	'ELEC100',	'2     ',	2014),
('3056854',	'B      ',	'IENV120',	'2     ',	2014),
('3056854',	'A      ',	'INFS220',	'1     ',	2015),
('3056854',	'B      ',	'COMP200',	'1     ',	2015),
('3056854',	'A      ',	'COMP210',	'1     ',	2015),
('3056854',	'A      ',	'COMP280',	'1     ',	2015),
('3056854',	'B      ',	'COMS200',	'2     ',	2015),
('3056854',	'A      ',	'COMP230',	'2     ',	2015),
('3056854',	'A      ',	'COMP230',	'2     ',	2015),
('3056854',	'B      ',	'COMP250',	'2     ',	2015),
('3996587',	'A      ',	'INFS120',	'1     ',	2013),
('3996587',	'B      ',	'COMP130',	'1     ',	2013),
('3996587',	'B      ',	'COMP150',	'1     ',	2013),
('3996587',	'B      ',	'COMP150',	'1     ',	2013),
('3996587',	'A      ',	'COMP180',	'2     ',	2013),
('3996587',	'A      ',	'COGS100',	'2     ',	2013),
('3996587',	'A      ',	'ELEC100',	'2     ',	2013),
('3996587',	'A      ',	'IENV120',	'2     ',	2013),
('3996587',	'A      ',	'INFS220',	'1     ',	2014),
('3996587',	'A      ',	'COMP200',	'1     ',	2014),
('3996587',	'B      ',	'COMP210',	'1     ',	2014),
('3996587',	'B      ',	'COMP280',	'1     ',	2014),
('3996587',	'B      ',	'COMS200',	'2     ',	2014),
('3996587',	'B      ',	'COMP230',	'2     ',	2014),
('3996587',	'B      ',	'COMP230',	'2     ',	2014),
('3996587',	'A      ',	'COMP250',	'2     ',	2014),
('3996587',	'A      ',	'INFS310',	'1     ',	2015),
('3996587',	'A      ',	'INFS320',	'1     ',	2015),
('3996587',	'A      ',	'COMP320',	'1     ',	2015),
('3996587',	'A      ',	'COMP320',	'1     ',	2015),
('3996587',	'A      ',	'COMS310',	'2     ',	2015),
('3996587',	'A      ',	'COMP330',	'2     ',	2015),
('3996587',	'A      ',	'COMP340',	'2     ',	2015),
('3996587',	'A      ',	'COMP340',	'2     ',	2015),
('3114524',	'A      ',	'INFS120',	'1     ',	2015),
('3114524',	'A      ',	'COMP130',	'1     ',	2015),
('3114524',	'A      ',	'COMP150',	'1     ',	2015),
('3114524',	'A      ',	'COMP150',	'1     ',	2015),
('3114524',	'A      ',	'COMP180',	'2     ',	2015),
('3114524',	'B      ',	'COGS100',	'2     ',	2015),
('3114524',	'A      ',	'ELEC100',	'2     ',	2015),
('3114524',	'A      ',	'IENV120',	'2     ',	2015),
('3225641',	'A      ',	'INFS120',	'1     ',	2014),
('3225641',	'A      ',	'COMP130',	'1     ',	2014),
('3225641',	'A      ',	'COMP150',	'1     ',	2014),
('3225641',	'A      ',	'COMP150',	'1     ',	2014),
('3225641',	'B      ',	'COMP180',	'2     ',	2014),
('3225641',	'B      ',	'COGS100',	'2     ',	2014),
('3225641',	'B      ',	'ELEC100',	'2     ',	2014),
('3225641',	'A      ',	'IENV120',	'2     ',	2014),
('3225641',	'A      ',	'INFS220',	'1     ',	2015),
('3225641',	'A      ',	'COMP200',	'1     ',	2015),
('3225641',	'A      ',	'COMP210',	'1     ',	2015),
('3225641',	'B      ',	'COMP280',	'1     ',	2015),
('3225641',	'B      ',	'COMS200',	'2     ',	2015),
('3225641',	'B      ',	'COMP230',	'2     ',	2015),
('3225641',	'B      ',	'COMP230',	'2     ',	2015),
('3225641',	'B      ',	'COMP250',	'2     ',	2015),
('3325415',	'A      ',	'INFS120',	'1     ',	2012),
('3325415',	'A      ',	'COMP130',	'1     ',	2012),
('3325415',	'A      ',	'COMP150',	'1     ',	2012),
('3325415',	'A      ',	'COMP150',	'1     ',	2012),
('3325415',	'A      ',	'COMP180',	'2     ',	2012),
('3325415',	'B      ',	'COGS100',	'2     ',	2012),
('3325415',	'A      ',	'ELEC100',	'2     ',	2012),
('3325415',	'A      ',	'IENV120',	'2     ',	2012),
('3325415',	'B      ',	'INFS220',	'1     ',	2013),
('3325415',	'B      ',	'COMP200',	'1     ',	2013),
('3325415',	'B      ',	'COMP210',	'1     ',	2013),
('3325415',	'B      ',	'COMP280',	'1     ',	2013),
('3325415',	'B      ',	'COMS200',	'2     ',	2013),
('3325415',	'A      ',	'COMP230',	'2     ',	2013),
('3325415',	'A      ',	'COMP230',	'2     ',	2013),
('3325415',	'B      ',	'COMP250',	'2     ',	2013),
('3325415',	'B      ',	'INFS310',	'1     ',	2014),
('3325415',	'B      ',	'INFS320',	'1     ',	2014),
('3325415',	'B      ',	'COMP320',	'1     ',	2014),
('3325415',	'A      ',	'COMP320',	'1     ',	2014),
('3325415',	'A      ',	'COMS310',	'2     ',	2014),
('3325415',	'A      ',	'COMP330',	'2     ',	2014),
('3325415',	'A      ',	'COMP340',	'2     ',	2014),
('3325415',	'A      ',	'COMP340',	'2     ',	2014),
('3325415',	'A      ',	'INFS410',	'1     ',	2015),
('3325415',	'A      ',	'INFS420',	'1     ',	2015),
('3325415',	'A      ',	'COMP460',	'1     ',	2015),
('3325415',	'B      ',	'COMP460',	'1     ',	2015),
('3325415',	'B      ',	'COMS410',	'2     ',	2015),
('3325415',	'B      ',	'COMP460',	'2     ',	2015),
('3325415',	'A      ',	'COMP450',	'2     ',	2015),
('3325415',	'A      ',	'COMP440',	'2     ',	2015),
('3225684',	'A      ',	'INFS120',	'1     ',	2012),
('3225684',	'A      ',	'COMP130',	'1     ',	2012),
('3225684',	'A      ',	'COMP150',	'1     ',	2012),
('3225684',	'B      ',	'COMP150',	'1     ',	2012),
('3225684',	'B      ',	'COMP180',	'2     ',	2012),
('3225684',	'B      ',	'COGS100',	'2     ',	2012),
('3225684',	'A      ',	'ELEC100',	'2     ',	2012),
('3225684',	'A      ',	'IENV120',	'2     ',	2012),
('3225684',	'B      ',	'INFS220',	'1     ',	2013),
('3225684',	'B      ',	'COMP200',	'1     ',	2013),
('3225684',	'A      ',	'COMP210',	'1     ',	2013),
('3225684',	'A      ',	'COMP280',	'1     ',	2013),
('3225684',	'A      ',	'COMS200',	'2     ',	2013),
('3225684',	'B      ',	'COMP230',	'2     ',	2013),
('3225684',	'B      ',	'COMP230',	'2     ',	2013),
('3225684',	'A      ',	'COMP250',	'2     ',	2013),
('3225684',	'A      ',	'INFS310',	'1     ',	2014),
('3225684',	'A      ',	'INFS320',	'1     ',	2014),
('3225684',	'A      ',	'COMP320',	'1     ',	2014),
('3225684',	'B      ',	'COMP320',	'1     ',	2014),
('3225684',	'B      ',	'COMS310',	'2     ',	2014),
('3225684',	'B      ',	'COMP330',	'2     ',	2014),
('3225684',	'B      ',	'COMP340',	'2     ',	2014),
('3225684',	'A      ',	'COMP340',	'2     ',	2014),
('3225684',	'B      ',	'INFS410',	'1     ',	2015),
('3225684',	'B      ',	'INFS420',	'1     ',	2015),
('3225684',	'A      ',	'COMP460',	'1     ',	2015),
('3225684',	'A      ',	'COMP460',	'1     ',	2015),
('3225684',	'A      ',	'COMS410',	'2     ',	2015),
('3225684',	'A      ',	'COMP460',	'2     ',	2015),
('3225684',	'A      ',	'COMP450',	'2     ',	2015),
('3225684',	'B      ',	'COMP440',	'2     ',	2015),
('3222215',	'A      ',	'INFS120',	'1     ',	2012),
('3222215',	'A      ',	'COMP130',	'1     ',	2012),
('3222215',	'A      ',	'COMP150',	'1     ',	2012),
('3222215',	'A      ',	'COMP150',	'1     ',	2012),
('3222215',	'B      ',	'COMP180',	'2     ',	2012),
('3222215',	'B      ',	'COGS100',	'2     ',	2012),
('3222215',	'B      ',	'ELEC100',	'2     ',	2012),
('3222215',	'B      ',	'IENV120',	'2     ',	2012),
('3222215',	'A      ',	'INFS220',	'1     ',	2013),
('3222215',	'A      ',	'COMP200',	'1     ',	2013),
('3222215',	'A      ',	'COMP210',	'1     ',	2013),
('3222215',	'A      ',	'COMP280',	'1     ',	2013),
('3222215',	'B      ',	'COMS200',	'2     ',	2013),
('3222215',	'B      ',	'COMP230',	'2     ',	2013),
('3222215',	'B      ',	'COMP230',	'2     ',	2013),
('3222215',	'B      ',	'COMP250',	'2     ',	2013),
('3222215',	'A      ',	'INFS310',	'1     ',	2014),
('3222215',	'A      ',	'INFS320',	'1     ',	2014),
('3222215',	'A      ',	'COMP320',	'1     ',	2014),
('3222215',	'A      ',	'COMP320',	'1     ',	2014),
('3222215',	'B      ',	'COMS310',	'2     ',	2014),
('3222215',	'B      ',	'COMP330',	'2     ',	2014),
('3222215',	'B      ',	'COMP340',	'2     ',	2014),
('3222215',	'B      ',	'COMP340',	'2     ',	2014),
('3222215',	'A      ',	'INFS410',	'1     ',	2015),
('3222215',	'A      ',	'INFS420',	'1     ',	2015),
('3222215',	'A      ',	'COMP460',	'1     ',	2015),
('3222215',	'A      ',	'COMP460',	'1     ',	2015),
('3222215',	'B      ',	'COMS410',	'2     ',	2015),
('3222215',	'B      ',	'COMP460',	'2     ',	2015),
('3222215',	'B      ',	'COMP450',	'2     ',	2015),
('3222215',	'B      ',	'COMP440',	'2     ',	2015),
('3665982',	'B      ',	'INFS120',	'1     ',	2012),
('4112503',	'B      ',	'COMP150',	'1     ',	2012),
('4112503',	'A      ',	'COMP180',	'2     ',	2012),
('4112503',	'A      ',	'COGS100',	'2     ',	2012),
('4112503',	'A      ',	'ELEC100',	'2     ',	2012),
('4112503',	'A      ',	'IENV120',	'2     ',	2012),
('4112503',	'B      ',	'INFS220',	'1     ',	2013),
('4112503',	'B      ',	'COMP200',	'1     ',	2013),
('4112503',	'B      ',	'COMP210',	'1     ',	2013),
('4112503',	'B      ',	'COMP280',	'1     ',	2013),
('4112503',	'A      ',	'COMS200',	'2     ',	2013),
('4112503',	'A      ',	'COMP230',	'2     ',	2013),
('4112503',	'A      ',	'COMP230',	'2     ',	2013),
('4112503',	'A      ',	'COMP250',	'2     ',	2013),
('4112503',	'B      ',	'INFS310',	'1     ',	2014),
('4112503',	'B      ',	'INFS320',	'1     ',	2014),
('4112503',	'B      ',	'COMP320',	'1     ',	2014),
('4112503',	'B      ',	'COMP320',	'1     ',	2014),
('4112503',	'A      ',	'COMS310',	'2     ',	2014),
('4112503',	'A      ',	'COMP330',	'2     ',	2014),
('4112503',	'A      ',	'COMP340',	'2     ',	2014),
('4112503',	'A      ',	'COMP340',	'2     ',	2014),
('4112503',	'B      ',	'INFS410',	'1     ',	2015),
('4112503',	'B      ',	'INFS420',	'1     ',	2015),
('4112503',	'B      ',	'COMP460',	'1     ',	2015),
('4112503',	'B      ',	'COMP460',	'1     ',	2015),
('4112503',	'A      ',	'COMS410',	'2     ',	2015),
('4112503',	'A      ',	'COMP460',	'2     ',	2015),
('4112503',	'A      ',	'COMP450',	'2     ',	2015),
('4112503',	'A      ',	'COMP440',	'2     ',	2015),
('4556258',	'A      ',	'INFS120',	'1     ',	2012),
('4556258',	'A      ',	'COMP130',	'1     ',	2012),
('4556258',	'A      ',	'COMP150',	'1     ',	2012),
('4556258',	'A      ',	'COMP150',	'1     ',	2012),
('4556258',	'B      ',	'COMP180',	'2     ',	2012),
('4556258',	'B      ',	'COGS100',	'2     ',	2012),
('4556258',	'B      ',	'ELEC100',	'2     ',	2012),
('4556258',	'B      ',	'IENV120',	'2     ',	2012),
('4556258',	'A      ',	'INFS220',	'1     ',	2013),
('4556258',	'A      ',	'COMP200',	'1     ',	2013),
('4556258',	'A      ',	'COMP210',	'1     ',	2013),
('4556258',	'A      ',	'COMP280',	'1     ',	2013),
('4556258',	'B      ',	'COMS200',	'2     ',	2013),
('4556258',	'B      ',	'COMP230',	'2     ',	2013),
('4556258',	'B      ',	'COMP230',	'2     ',	2013),
('4556258',	'B      ',	'COMP250',	'2     ',	2013),
('4556258',	'A      ',	'INFS310',	'1     ',	2014),
('4556258',	'A      ',	'INFS320',	'1     ',	2014),
('4556258',	'A      ',	'COMP320',	'1     ',	2014),
('4556258',	'A      ',	'COMP320',	'1     ',	2014),
('4556258',	'B      ',	'COMS310',	'2     ',	2014),
('4556258',	'B      ',	'COMP330',	'2     ',	2014),
('4556258',	'B      ',	'COMP340',	'2     ',	2014),
('4556258',	'B      ',	'COMP340',	'2     ',	2014),
('4556258',	'A      ',	'INFS410',	'1     ',	2015),
('4556258',	'A      ',	'INFS420',	'1     ',	2015),
('4556258',	'A      ',	'COMP460',	'1     ',	2015),
('4556258',	'A      ',	'COMP460',	'1     ',	2015),
('4556258',	'B      ',	'COMS410',	'2     ',	2015),
('4556258',	'B      ',	'COMP460',	'2     ',	2015),
('4556258',	'B      ',	'COMP450',	'2     ',	2015),
('4556258',	'B      ',	'COMP440',	'2     ',	2015),
('4112795',	'A      ',	'INFS120',	'1     ',	2012),
('4112795',	'A      ',	'COMP130',	'1     ',	2012),
('4112795',	'A      ',	'COMP150',	'1     ',	2012),
('4112795',	'A      ',	'COMP150',	'1     ',	2012),
('4112795',	'B      ',	'COMP180',	'2     ',	2012),
('4112795',	'B      ',	'COGS100',	'2     ',	2012),
('4112795',	'B      ',	'ELEC100',	'2     ',	2012),
('4112795',	'B      ',	'IENV120',	'2     ',	2012),
('4112795',	'A      ',	'INFS220',	'1     ',	2013),
('4112795',	'A      ',	'COMP200',	'1     ',	2013),
('4112795',	'A      ',	'COMP210',	'1     ',	2013),
('4112795',	'A      ',	'COMP280',	'1     ',	2013),
('4112795',	'B      ',	'COMS200',	'2     ',	2013),
('4112795',	'B      ',	'COMP230',	'2     ',	2013),
('4112795',	'B      ',	'COMP230',	'2     ',	2013),
('4112795',	'B      ',	'COMP250',	'2     ',	2013),
('4112795',	'A      ',	'INFS310',	'1     ',	2014),
('4112795',	'A      ',	'INFS320',	'1     ',	2014),
('4112795',	'A      ',	'COMP320',	'1     ',	2014),
('4112795',	'A      ',	'COMP320',	'1     ',	2014),
('4112795',	'B      ',	'COMS310',	'2     ',	2014),
('4112795',	'B      ',	'COMP330',	'2     ',	2014),
('4112795',	'B      ',	'COMP340',	'2     ',	2014),
('4112795',	'B      ',	'COMP340',	'2     ',	2014),
('4112795',	'A      ',	'INFS410',	'1     ',	2015),
('4112795',	'A      ',	'INFS420',	'1     ',	2015),
('4112795',	'A      ',	'COMP460',	'1     ',	2015),
('4112795',	'A      ',	'COMP460',	'1     ',	2015),
('4112795',	'B      ',	'COMS410',	'2     ',	2015),
('4112795',	'B      ',	'COMP460',	'2     ',	2015),
('4112795',	'B      ',	'COMP450',	'2     ',	2015),
('4112795',	'B      ',	'COMP440',	'2     ',	2015),
('4001236',	'B      ',	'INFS120',	'1     ',	2012),
('4001236',	'B      ',	'COMP130',	'1     ',	2012),
('4001236',	'B      ',	'COMP150',	'1     ',	2012),
('4001236',	'B      ',	'COMP150',	'1     ',	2012),
('4001236',	'A      ',	'COMP180',	'2     ',	2012),
('4001236',	'A      ',	'COGS100',	'2     ',	2012),
('4001236',	'A      ',	'ELEC100',	'2     ',	2012),
('4001236',	'A      ',	'IENV120',	'2     ',	2012),
('4001236',	'B      ',	'INFS220',	'1     ',	2013),
('4001236',	'B      ',	'COMP200',	'1     ',	2013),
('4001236',	'B      ',	'COMP210',	'1     ',	2013),
('4001236',	'B      ',	'COMP280',	'1     ',	2013),
('4001236',	'A      ',	'COMS200',	'2     ',	2013),
('4001236',	'A      ',	'COMP230',	'2     ',	2013),
('4001236',	'A      ',	'COMP230',	'2     ',	2013),
('4001236',	'A      ',	'COMP250',	'2     ',	2013),
('4001236',	'B      ',	'INFS310',	'1     ',	2014),
('4001236',	'B      ',	'INFS320',	'1     ',	2014),
('4001236',	'B      ',	'COMP320',	'1     ',	2014),
('4001236',	'B      ',	'COMP320',	'1     ',	2014),
('4001236',	'A      ',	'COMS310',	'2     ',	2014),
('4001236',	'A      ',	'COMP330',	'2     ',	2014),
('4001236',	'A      ',	'COMP340',	'2     ',	2014),
('4001236',	'A      ',	'COMP340',	'2     ',	2014),
('4001236',	'B      ',	'INFS410',	'1     ',	2015),
('4001236',	'B      ',	'INFS420',	'1     ',	2015),
('4001236',	'B      ',	'COMP460',	'1     ',	2015),
('4001236',	'B      ',	'COMP460',	'1     ',	2015),
('4001236',	'A      ',	'COMS410',	'2     ',	2015),
('4001236',	'A      ',	'COMP460',	'2     ',	2015),
('4001236',	'A      ',	'COMP450',	'2     ',	2015),
('4001236',	'A      ',	'COMP440',	'2     ',	2015),
('4552136',	'B      ',	'INFS120',	'1     ',	2014),
('4552136',	'A      ',	'COMP130',	'1     ',	2014),
('4552136',	'A      ',	'COMP150',	'1     ',	2014),
('4552136',	'B      ',	'COMP150',	'1     ',	2014),
('4552136',	'B      ',	'COMP180',	'2     ',	2014),
('4552136',	'B      ',	'COGS100',	'2     ',	2014),
('4552136',	'B      ',	'ELEC100',	'2     ',	2014),
('4552136',	'A      ',	'IENV120',	'2     ',	2014),
('4552136',	'A      ',	'INFS220',	'1     ',	2015),
('4552136',	'B      ',	'COMP200',	'1     ',	2015),
('4552136',	'B      ',	'COMP210',	'1     ',	2015),
('4552136',	'A      ',	'COMP280',	'1     ',	2015),
('4552136',	'B      ',	'COMS200',	'2     ',	2015),
('4552136',	'A      ',	'COMP230',	'2     ',	2015),
('4552136',	'B      ',	'COMP230',	'2     ',	2015),
('4552136',	'B      ',	'COMP250',	'2     ',	2015),
('4223598',	'B      ',	'INFS120',	'1     ',	2013),
('4223598',	'B      ',	'COMP130',	'1     ',	2013),
('4223598',	'A      ',	'COMP150',	'1     ',	2013),
('4223598',	'B      ',	'COMP150',	'1     ',	2013),
('4223598',	'A      ',	'COMP180',	'2     ',	2013),
('4223598',	'B      ',	'COGS100',	'2     ',	2013),
('4223598',	'A      ',	'ELEC100',	'2     ',	2013),
('4223598',	'B      ',	'IENV120',	'2     ',	2013),
('4223598',	'B      ',	'INFS220',	'1     ',	2014),
('4223598',	'A      ',	'COMP200',	'1     ',	2014),
('4223598',	'B      ',	'COMP210',	'1     ',	2014),
('4223598',	'A      ',	'COMP280',	'1     ',	2014),
('4223598',	'A      ',	'COMS200',	'2     ',	2014),
('4223598',	'B      ',	'COMP230',	'2     ',	2014),
('4223598',	'B      ',	'COMP230',	'2     ',	2014),
('4223598',	'B      ',	'COMP250',	'2     ',	2014),
('4223598',	'B      ',	'INFS310',	'1     ',	2015),
('4223598',	'A      ',	'INFS320',	'1     ',	2015),
('4223598',	'A      ',	'COMP320',	'1     ',	2015),
('4223598',	'B      ',	'COMP320',	'1     ',	2015),
('4223598',	'B      ',	'COMS310',	'2     ',	2015),
('4223598',	'A      ',	'COMP330',	'2     ',	2015),
('4223598',	'A      ',	'COMP340',	'2     ',	2015),
('4223598',	'B      ',	'COMP340',	'2     ',	2015),
('4889675',	'A      ',	'INFS120',	'1     ',	2015),
('4889675',	'B      ',	'COMP130',	'1     ',	2015),
('4889675',	'A      ',	'COMP150',	'1     ',	2015),
('4889675',	'A      ',	'COMP150',	'1     ',	2015),
('4889675',	'A      ',	'COMP180',	'2     ',	2015),
('4889675',	'B      ',	'COGS100',	'2     ',	2015),
('4889675',	'B      ',	'ELEC100',	'2     ',	2015),
('4889675',	'A      ',	'IENV120',	'2     ',	2015),
('4021658',	'B      ',	'INFS120',	'1     ',	2014),
('4021658',	'A      ',	'COMP130',	'1     ',	2014),
('4021658',	'A      ',	'COMP150',	'1     ',	2014),
('4021658',	'B      ',	'COMP150',	'1     ',	2014),
('4021658',	'B      ',	'COMP180',	'2     ',	2014),
('4021658',	'B      ',	'COGS100',	'2     ',	2014),
('4021658',	'B      ',	'ELEC100',	'2     ',	2014),
('4021658',	'A      ',	'IENV120',	'2     ',	2014),
('4021658',	'A      ',	'INFS220',	'1     ',	2015),
('4021658',	'B      ',	'COMP200',	'1     ',	2015),
('4021658',	'B      ',	'COMP210',	'1     ',	2015),
('4021658',	'A      ',	'COMP280',	'1     ',	2015),
('4021658',	'B      ',	'COMS200',	'2     ',	2015),
('4021658',	'A      ',	'COMP230',	'2     ',	2015),
('4021658',	'B      ',	'COMP230',	'2     ',	2015),
('4021658',	'B      ',	'COMP250',	'2     ',	2015),
('4778748',	'A      ',	'INFS120',	'1     ',	2013),
('4778748',	'A      ',	'COMP130',	'1     ',	2013),
('4778748',	'B      ',	'COMP150',	'1     ',	2013),
('4778748',	'A      ',	'COMP150',	'1     ',	2013),
('4778748',	'B      ',	'COMP180',	'2     ',	2013),
('4778748',	'A      ',	'COGS100',	'2     ',	2013),
('4778748',	'B      ',	'ELEC100',	'2     ',	2013),
('4778748',	'A      ',	'IENV120',	'2     ',	2013),
('4778748',	'A      ',	'INFS220',	'1     ',	2014),
('4778748',	'B      ',	'COMP200',	'1     ',	2014),
('4778748',	'A      ',	'COMP210',	'1     ',	2014),
('4778748',	'B      ',	'COMP280',	'1     ',	2014),
('4778748',	'B      ',	'COMS200',	'2     ',	2014),
('4778748',	'A      ',	'COMP230',	'2     ',	2014),
('4778748',	'A      ',	'COMP230',	'2     ',	2014),
('4778748',	'A      ',	'COMP250',	'2     ',	2014),
('4778748',	'A      ',	'INFS310',	'1     ',	2015),
('4778748',	'B      ',	'INFS320',	'1     ',	2015),
('4778748',	'B      ',	'COMP320',	'1     ',	2015),
('4778748',	'A      ',	'COMP320',	'1     ',	2015),
('4778748',	'A      ',	'COMS310',	'2     ',	2015),
('4778748',	'B      ',	'COMP330',	'2     ',	2015),
('4778748',	'B      ',	'COMP340',	'2     ',	2015),
('4778748',	'A      ',	'COMP340',	'2     ',	2015),
('4665264',	'A      ',	'INFS120',	'1     ',	2012),
('4665264',	'A      ',	'COMP130',	'1     ',	2012),
('4665264',	'A      ',	'COMP150',	'1     ',	2012),
('4665264',	'A      ',	'COMP150',	'1     ',	2012),
('4665264',	'B      ',	'COMP180',	'2     ',	2012),
('4665264',	'B      ',	'COGS100',	'2     ',	2012),
('4665264',	'B      ',	'ELEC100',	'2     ',	2012),
('4665264',	'B      ',	'IENV120',	'2     ',	2012),
('4665264',	'A      ',	'INFS220',	'1     ',	2013),
('4665264',	'A      ',	'COMP200',	'1     ',	2013),
('4665264',	'A      ',	'COMP210',	'1     ',	2013),
('4665264',	'A      ',	'COMP280',	'1     ',	2013),
('4665264',	'B      ',	'COMS200',	'2     ',	2013),
('4665264',	'B      ',	'COMP230',	'2     ',	2013),
('4665264',	'B      ',	'COMP230',	'2     ',	2013),
('4665264',	'B      ',	'COMP250',	'2     ',	2013),
('4665264',	'A      ',	'INFS310',	'1     ',	2014),
('4665264',	'A      ',	'INFS320',	'1     ',	2014),
('4665264',	'A      ',	'COMP320',	'1     ',	2014),
('4665264',	'A      ',	'COMP320',	'1     ',	2014),
('4665264',	'B      ',	'COMS310',	'2     ',	2014),
('4665264',	'B      ',	'COMP330',	'2     ',	2014),
('4665264',	'B      ',	'COMP340',	'2     ',	2014),
('4665264',	'B      ',	'COMP340',	'2     ',	2014),
('4665264',	'A      ',	'INFS410',	'1     ',	2015),
('4665264',	'A      ',	'INFS420',	'1     ',	2015),
('4665264',	'A      ',	'COMP460',	'1     ',	2015),
('4665264',	'A      ',	'COMP460',	'1     ',	2015),
('4665264',	'B      ',	'COMS410',	'2     ',	2015),
('4665264',	'B      ',	'COMP460',	'2     ',	2015),
('4665264',	'B      ',	'COMP450',	'2     ',	2015),
('4665264',	'B      ',	'COMP440',	'2     ',	2015),
('4552895',	'B      ',	'INFS120',	'1     ',	2012),
('4552895',	'B      ',	'COMP130',	'1     ',	2012),
('4552895',	'B      ',	'COMP150',	'1     ',	2012),
('4552895',	'B      ',	'COMP150',	'1     ',	2012),
('4552895',	'A      ',	'COMP180',	'2     ',	2012),
('4552895',	'A      ',	'COGS100',	'2     ',	2012),
('4552895',	'A      ',	'ELEC100',	'2     ',	2012),
('4552895',	'A      ',	'IENV120',	'2     ',	2012),
('4552895',	'B      ',	'INFS220',	'1     ',	2013),
('4552895',	'B      ',	'COMP200',	'1     ',	2013),
('4552895',	'B      ',	'COMP210',	'1     ',	2013),
('4552895',	'B      ',	'COMP280',	'1     ',	2013),
('4552895',	'A      ',	'COMS200',	'2     ',	2013),
('4552895',	'A      ',	'COMP230',	'2     ',	2013),
('4552895',	'A      ',	'COMP230',	'2     ',	2013),
('4552895',	'A      ',	'COMP250',	'2     ',	2013),
('4552895',	'B      ',	'INFS310',	'1     ',	2014),
('4552895',	'B      ',	'INFS320',	'1     ',	2014),
('4552895',	'B      ',	'COMP320',	'1     ',	2014),
('4552895',	'B      ',	'COMP320',	'1     ',	2014),
('4552895',	'A      ',	'COMS310',	'2     ',	2014),
('4552895',	'A      ',	'COMP330',	'2     ',	2014),
('4552895',	'A      ',	'COMP340',	'2     ',	2014),
('4552895',	'A      ',	'COMP340',	'2     ',	2014),
('4552895',	'B      ',	'INFS410',	'1     ',	2015),
('4552895',	'B      ',	'INFS420',	'1     ',	2015),
('4552895',	'B      ',	'COMP460',	'1     ',	2015),
('4552895',	'B      ',	'COMP460',	'1     ',	2015),
('4552895',	'A      ',	'COMS410',	'2     ',	2015),
('4552895',	'A      ',	'COMP460',	'2     ',	2015),
('4552895',	'A      ',	'COMP450',	'2     ',	2015),
('4552895',	'A      ',	'COMP440',	'2     ',	2015),
('4778213',	'A      ',	'INFS120',	'1     ',	2012),
('4778213',	'A      ',	'COMP130',	'1     ',	2012),
('4778213',	'A      ',	'COMP150',	'1     ',	2012),
('4778213',	'A      ',	'COMP150',	'1     ',	2012),
('4778213',	'B      ',	'COMP180',	'2     ',	2012),
('4778213',	'B      ',	'COGS100',	'2     ',	2012),
('4778213',	'B      ',	'ELEC100',	'2     ',	2012),
('4778213',	'B      ',	'IENV120',	'2     ',	2012),
('4778213',	'A      ',	'INFS220',	'1     ',	2013),
('4778213',	'A      ',	'COMP200',	'1     ',	2013),
('4778213',	'A      ',	'COMP210',	'1     ',	2013),
('4778213',	'A      ',	'COMP280',	'1     ',	2013),
('4778213',	'B      ',	'COMS200',	'2     ',	2013),
('4778213',	'B      ',	'COMP230',	'2     ',	2013),
('4778213',	'B      ',	'COMP230',	'2     ',	2013),
('4778213',	'B      ',	'COMP250',	'2     ',	2013),
('4778213',	'A      ',	'INFS310',	'1     ',	2014),
('4778213',	'A      ',	'INFS320',	'1     ',	2014),
('4778213',	'A      ',	'COMP320',	'1     ',	2014),
('4778213',	'A      ',	'COMP320',	'1     ',	2014),
('4778213',	'B      ',	'COMS310',	'2     ',	2014),
('4778213',	'B      ',	'COMP330',	'2     ',	2014),
('4778213',	'B      ',	'COMP340',	'2     ',	2014),
('4778213',	'B      ',	'COMP340',	'2     ',	2014),
('4778213',	'A      ',	'INFS410',	'1     ',	2015),
('4778213',	'A      ',	'INFS420',	'1     ',	2015),
('4778213',	'A      ',	'COMP460',	'1     ',	2015),
('4778213',	'A      ',	'COMP460',	'1     ',	2015),
('4778213',	'B      ',	'COMS410',	'2     ',	2015),
('4778213',	'B      ',	'COMP460',	'2     ',	2015),
('4778213',	'B      ',	'COMP450',	'2     ',	2015),
('4778213',	'B      ',	'COMP440',	'2     ',	2015),
('4002135',	'B      ',	'INFS120',	'1     ',	2012),
('4002135',	'B      ',	'COMP130',	'1     ',	2012),
('4002135',	'B      ',	'COMP150',	'1     ',	2012),
('4002135',	'B      ',	'COMP150',	'1     ',	2012),
('4002135',	'A      ',	'COMP180',	'2     ',	2012),
('4002135',	'A      ',	'COGS100',	'2     ',	2012),
('4002135',	'A      ',	'ELEC100',	'2     ',	2012),
('4002135',	'A      ',	'IENV120',	'2     ',	2012),
('4002135',	'B      ',	'INFS220',	'1     ',	2013),
('4002135',	'B      ',	'COMP200',	'1     ',	2013),
('4002135',	'B      ',	'COMP210',	'1     ',	2013),
('4002135',	'B      ',	'COMP280',	'1     ',	2013),
('4002135',	'A      ',	'COMS200',	'2     ',	2013),
('4002135',	'A      ',	'COMP230',	'2     ',	2013),
('4002135',	'A      ',	'COMP230',	'2     ',	2013),
('4002135',	'A      ',	'COMP250',	'2     ',	2013),
('4002135',	'B      ',	'INFS310',	'1     ',	2014),
('4002135',	'B      ',	'INFS320',	'1     ',	2014),
('4002135',	'B      ',	'COMP320',	'1     ',	2014),
('4002135',	'B      ',	'COMP320',	'1     ',	2014),
('4002135',	'A      ',	'COMS310',	'2     ',	2014),
('4002135',	'A      ',	'COMP330',	'2     ',	2014),
('4002135',	'A      ',	'COMP340',	'2     ',	2014),
('4002135',	'A      ',	'COMP340',	'2     ',	2014),
('4002135',	'B      ',	'INFS410',	'1     ',	2015),
('4002135',	'B      ',	'INFS420',	'1     ',	2015),
('4002135',	'B      ',	'COMP460',	'1     ',	2015),
('4002135',	'B      ',	'COMP460',	'1     ',	2015),
('4002135',	'A      ',	'COMS410',	'2     ',	2015),
('4002135',	'A      ',	'COMP460',	'2     ',	2015),
('4002135',	'A      ',	'COMP450',	'2     ',	2015),
('4002135',	'A      ',	'COMP440',	'2     ',	2015),
('4012120',	'B      ',	'INFS120',	'1     ',	2012),
('4012120',	'B      ',	'COMP130',	'1     ',	2012),
('4012120',	'B      ',	'COMP150',	'1     ',	2012),
('4012120',	'B      ',	'COMP150',	'1     ',	2012),
('4012120',	'A      ',	'COMP180',	'2     ',	2012),
('4012120',	'A      ',	'COGS100',	'2     ',	2012),
('4012120',	'A      ',	'ELEC100',	'2     ',	2012),
('4012120',	'A      ',	'IENV120',	'2     ',	2012),
('4012120',	'B      ',	'INFS220',	'1     ',	2013),
('4012120',	'B      ',	'COMP200',	'1     ',	2013),
('4012120',	'B      ',	'COMP210',	'1     ',	2013),
('4012120',	'B      ',	'COMP280',	'1     ',	2013),
('4012120',	'A      ',	'COMS200',	'2     ',	2013),
('4012120',	'A      ',	'COMP230',	'2     ',	2013),
('4012120',	'A      ',	'COMP230',	'2     ',	2013),
('4012120',	'A      ',	'COMP250',	'2     ',	2013),
('4012120',	'B      ',	'INFS310',	'1     ',	2014),
('4012120',	'B      ',	'INFS320',	'1     ',	2014),
('4012120',	'B      ',	'COMP320',	'1     ',	2014),
('4012120',	'B      ',	'COMP320',	'1     ',	2014),
('4012120',	'A      ',	'COMS310',	'2     ',	2014),
('4012120',	'A      ',	'COMP330',	'2     ',	2014),
('4012120',	'A      ',	'COMP340',	'2     ',	2014),
('4012120',	'A      ',	'COMP340',	'2     ',	2014),
('4012120',	'B      ',	'INFS410',	'1     ',	2015),
('4012120',	'B      ',	'INFS420',	'1     ',	2015),
('4012120',	'B      ',	'COMP460',	'1     ',	2015),
('4012120',	'B      ',	'COMP460',	'1     ',	2015),
('4012120',	'A      ',	'COMS410',	'2     ',	2015),
('4012120',	'A      ',	'COMP460',	'2     ',	2015),
('4012120',	'A      ',	'COMP450',	'2     ',	2015),
('4012120',	'A      ',	'COMP440',	'2     ',	2015),
('4550021',	'A      ',	'INFS120',	'1     ',	2015),
('4550021',	'B      ',	'COMP130',	'1     ',	2015),
('4550021',	'A      ',	'COMP150',	'1     ',	2015),
('4550021',	'A      ',	'COMP150',	'1     ',	2015),
('4550021',	'A      ',	'COMP180',	'2     ',	2015),
('4550021',	'B      ',	'COGS100',	'2     ',	2015),
('4550021',	'B      ',	'ELEC100',	'2     ',	2015),
('4550021',	'A      ',	'IENV120',	'2     ',	2015),
('4630202',	'A      ',	'INFS120',	'1     ',	2014),
('4630202',	'B      ',	'COMP130',	'1     ',	2014),
('4630202',	'B      ',	'COMP150',	'1     ',	2014),
('4630202',	'A      ',	'COMP150',	'1     ',	2014),
('4630202',	'A      ',	'COMP180',	'2     ',	2014),
('4630202',	'A      ',	'COGS100',	'2     ',	2014),
('4630202',	'A      ',	'ELEC100',	'2     ',	2014),
('4630202',	'B      ',	'IENV120',	'2     ',	2014),
('4630202',	'B      ',	'INFS220',	'1     ',	2015),
('4630202',	'A      ',	'COMP200',	'1     ',	2015),
('4630202',	'A      ',	'COMP210',	'1     ',	2015),
('4630202',	'B      ',	'COMP280',	'1     ',	2015),
('4630202',	'A      ',	'COMS200',	'2     ',	2015),
('4630202',	'B      ',	'COMP230',	'2     ',	2015),
('4630202',	'A      ',	'COMP230',	'2     ',	2015),
('4630202',	'A      ',	'COMP250',	'2     ',	2015),
('4558231',	'B      ',	'INFS120',	'1     ',	2013),
('4558231',	'B      ',	'COMP130',	'1     ',	2013),
('4558231',	'A      ',	'COMP150',	'1     ',	2013),
('4558231',	'B      ',	'COMP150',	'1     ',	2013),
('4558231',	'A      ',	'COMP180',	'2     ',	2013),
('4558231',	'B      ',	'COGS100',	'2     ',	2013),
('4558231',	'A      ',	'ELEC100',	'2     ',	2013),
('4558231',	'B      ',	'IENV120',	'2     ',	2013),
('4558231',	'B      ',	'INFS220',	'1     ',	2014),
('4558231',	'A      ',	'COMP200',	'1     ',	2014),
('4558231',	'B      ',	'COMP210',	'1     ',	2014),
('4558231',	'A      ',	'COMP280',	'1     ',	2014),
('4558231',	'A      ',	'COMS200',	'2     ',	2014),
('4558231',	'B      ',	'COMP230',	'2     ',	2014),
('4558231',	'B      ',	'COMP230',	'2     ',	2014),
('4558231',	'B      ',	'COMP250',	'2     ',	2014),
('4558231',	'B      ',	'INFS310',	'1     ',	2015),
('4558231',	'A      ',	'INFS320',	'1     ',	2015),
('4558231',	'A      ',	'COMP320',	'1     ',	2015),
('4558231',	'B      ',	'COMP320',	'1     ',	2015),
('4558231',	'B      ',	'COMS310',	'2     ',	2015),
('4558231',	'A      ',	'COMP330',	'2     ',	2015),
('4558231',	'A      ',	'COMP340',	'2     ',	2015),
('4558231',	'B      ',	'COMP340',	'2     ',	2015),
('4002365',	'B      ',	'INFS120',	'1     ',	2015),
('4002365',	'A      ',	'COMP130',	'1     ',	2015),
('4002365',	'B      ',	'COMP150',	'1     ',	2015),
('4002365',	'B      ',	'COMP150',	'1     ',	2015),
('4002365',	'B      ',	'COMP180',	'2     ',	2015),
('4002365',	'A      ',	'COGS100',	'2     ',	2015),
('4002365',	'A      ',	'ELEC100',	'2     ',	2015),
('4002365',	'B      ',	'IENV120',	'2     ',	2015),
('4552630',	'B      ',	'INFS120',	'1     ',	2014),
('4552630',	'A      ',	'COMP130',	'1     ',	2014),
('4552630',	'A      ',	'COMP150',	'1     ',	2014),
('4552630',	'B      ',	'COMP150',	'1     ',	2014),
('4552630',	'B      ',	'COMP180',	'2     ',	2014),
('4552630',	'B      ',	'COGS100',	'2     ',	2014),
('4552630',	'B      ',	'ELEC100',	'2     ',	2014),
('4552630',	'A      ',	'IENV120',	'2     ',	2014),
('4552630',	'A      ',	'INFS220',	'1     ',	2015),
('4552630',	'B      ',	'COMP200',	'1     ',	2015),
('4552630',	'B      ',	'COMP210',	'1     ',	2015),
('4552630',	'A      ',	'COMP280',	'1     ',	2015),
('4552630',	'B      ',	'COMS200',	'2     ',	2015),
('4552630',	'A      ',	'COMP230',	'2     ',	2015),
('4552630',	'B      ',	'COMP230',	'2     ',	2015),
('4552630',	'B      ',	'COMP250',	'2     ',	2015);

CREATE TABLE `Tutorials` (
  `tutorial_no` varchar(7) NOT NULL,
  `course_no` varchar(7) NOT NULL,
  `semester` varchar(7) NOT NULL,
  `year` int(11) NOT NULL,
  `room_no` varchar(3) NOT NULL,
  `building_no` varchar(3) NOT NULL,
  `start_time` int(11) NOT NULL,
  `duration` int(11) NOT NULL,
  `staff_no` varchar(7) NOT NULL
) ENGINE=InnoDB DEFAULT CHARSET=utf8;

INSERT INTO `Tutorials` (`tutorial_no`, `course_no`, `semester`, `year`, `room_no`, `building_no`, `start_time`, `duration`, `staff_no`) VALUES
('A      ',	'INFS120',	'1     ',	2012,	'259',	'78 ',	12,	1,	'2256232'),
('B      ',	'INFS120',	'1     ',	2012,	'259',	'78 ',	14,	1,	'2256232'),
('A      ',	'INFS120',	'1     ',	2013,	'259',	'78 ',	12,	1,	'2256232'),
('B      ',	'INFS120',	'1     ',	2013,	'259',	'78 ',	14,	1,	'2256232'),
('A      ',	'INFS120',	'1     ',	2014,	'259',	'78 ',	12,	1,	'2256232'),
('B      ',	'INFS120',	'1     ',	2014,	'259',	'78 ',	14,	1,	'2256232'),
('A      ',	'INFS120',	'1     ',	2015,	'259',	'78 ',	12,	1,	'2256232'),
('B      ',	'INFS120',	'1     ',	2015,	'259',	'78 ',	14,	1,	'2256232'),
('A      ',	'COMP130',	'1     ',	2012,	'451',	'78 ',	8,	1,	'2500325'),
('B      ',	'COMP130',	'1     ',	2012,	'451',	'78 ',	10,	1,	'2500325'),
('A      ',	'COMP130',	'1     ',	2013,	'451',	'78 ',	8,	1,	'2500325'),
('B      ',	'COMP130',	'1     ',	2013,	'451',	'78 ',	10,	1,	'2500325'),
('A      ',	'COMP130',	'1     ',	2014,	'451',	'78 ',	8,	1,	'2500325'),
('B      ',	'COMP130',	'1     ',	2014,	'451',	'78 ',	10,	1,	'2500325'),
('A      ',	'COMP130',	'1     ',	2015,	'451',	'78 ',	8,	1,	'2500325'),
('B      ',	'COMP130',	'1     ',	2015,	'451',	'78 ',	10,	1,	'2500325'),
('A      ',	'COMP150',	'1     ',	2012,	'477',	'78 ',	16,	1,	'2335152'),
('B      ',	'COMP150',	'1     ',	2012,	'477',	'78 ',	18,	1,	'2335152'),
('A      ',	'COMP150',	'1     ',	2013,	'477',	'78 ',	16,	1,	'2335152'),
('B      ',	'COMP150',	'1     ',	2013,	'477',	'78 ',	18,	1,	'2335152'),
('A      ',	'COMP150',	'1     ',	2014,	'477',	'78 ',	16,	1,	'2335152'),
('B      ',	'COMP150',	'1     ',	2014,	'477',	'78 ',	18,	1,	'2335152'),
('A      ',	'COMP150',	'1     ',	2015,	'477',	'78 ',	16,	1,	'2335152'),
('B      ',	'COMP150',	'1     ',	2015,	'477',	'78 ',	18,	1,	'2335152'),
('A      ',	'COMP150',	'1     ',	2012,	'344',	'78 ',	10,	1,	'2130025'),
('B      ',	'COMP150',	'1     ',	2012,	'344',	'78 ',	12,	1,	'2130025'),
('A      ',	'COMP150',	'1     ',	2013,	'344',	'78 ',	10,	1,	'2130025'),
('B      ',	'COMP150',	'1     ',	2013,	'344',	'78 ',	12,	1,	'2130025'),
('A      ',	'COMP150',	'1     ',	2014,	'344',	'78 ',	10,	1,	'2130025'),
('B      ',	'COMP150',	'1     ',	2014,	'344',	'78 ',	12,	1,	'2130025'),
('A      ',	'COMP150',	'1     ',	2015,	'344',	'78 ',	10,	1,	'2130025'),
('B      ',	'COMP150',	'1     ',	2015,	'344',	'78 ',	12,	1,	'2130025'),
('A      ',	'COMP180',	'2     ',	2012,	'998',	'78 ',	12,	1,	'2088564'),
('B      ',	'COMP180',	'2     ',	2012,	'998',	'78 ',	14,	1,	'2088564'),
('A      ',	'COMP180',	'2     ',	2013,	'998',	'78 ',	12,	1,	'2088564'),
('B      ',	'COMP180',	'2     ',	2013,	'998',	'78 ',	14,	1,	'2088564'),
('A      ',	'COMP180',	'2     ',	2014,	'998',	'78 ',	12,	1,	'2088564'),
('B      ',	'COMP180',	'2     ',	2014,	'998',	'78 ',	14,	1,	'2088564'),
('A      ',	'COMP180',	'2     ',	2015,	'998',	'78 ',	12,	1,	'2088564'),
('B      ',	'COMP180',	'2     ',	2015,	'998',	'78 ',	14,	1,	'2088564'),
('A      ',	'COGS100',	'2     ',	2012,	'552',	'78 ',	8,	1,	'2011526'),
('B      ',	'COGS100',	'2     ',	2012,	'552',	'78 ',	9,	1,	'2011526'),
('A      ',	'COGS100',	'2     ',	2013,	'552',	'78 ',	8,	1,	'2011526'),
('B      ',	'COGS100',	'2     ',	2013,	'552',	'78 ',	9,	1,	'2011526'),
('A      ',	'COGS100',	'2     ',	2014,	'552',	'78 ',	8,	1,	'2011526'),
('B      ',	'COGS100',	'2     ',	2014,	'552',	'78 ',	9,	1,	'2011526'),
('A      ',	'COGS100',	'2     ',	2015,	'552',	'78 ',	8,	1,	'2011526'),
('B      ',	'COGS100',	'2     ',	2015,	'552',	'78 ',	9,	1,	'2011526'),
('A      ',	'ELEC100',	'2     ',	2012,	'775',	'78 ',	11,	1,	'2011236'),
('B      ',	'ELEC100',	'2     ',	2012,	'775',	'78 ',	12,	1,	'2011236'),
('A      ',	'ELEC100',	'2     ',	2013,	'775',	'78 ',	11,	1,	'2011236'),
('B      ',	'ELEC100',	'2     ',	2013,	'775',	'78 ',	12,	1,	'2011236'),
('A      ',	'ELEC100',	'2     ',	2014,	'775',	'78 ',	11,	1,	'2011236'),
('B      ',	'ELEC100',	'2     ',	2014,	'775',	'78 ',	12,	1,	'2011236'),
('A      ',	'ELEC100',	'2     ',	2015,	'775',	'78 ',	11,	1,	'2011236'),
('B      ',	'ELEC100',	'2     ',	2015,	'775',	'78 ',	12,	1,	'2011236'),
('A      ',	'IENV120',	'2     ',	2012,	'223',	'78 ',	15,	1,	'2001526'),
('B      ',	'IENV120',	'2     ',	2012,	'223',	'78 ',	16,	1,	'2001526'),
('A      ',	'IENV120',	'2     ',	2013,	'223',	'78 ',	15,	1,	'2001526'),
('B      ',	'IENV120',	'2     ',	2013,	'223',	'78 ',	16,	1,	'2001526'),
('A      ',	'IENV120',	'2     ',	2014,	'223',	'78 ',	15,	1,	'2001526'),
('B      ',	'IENV120',	'2     ',	2014,	'223',	'78 ',	16,	1,	'2001526'),
('A      ',	'IENV120',	'2     ',	2015,	'223',	'78 ',	15,	1,	'2001526'),
('B      ',	'IENV120',	'2     ',	2015,	'223',	'78 ',	16,	1,	'2001526'),
('A      ',	'INFS220',	'1     ',	2012,	'112',	'78 ',	8,	1,	'2889623'),
('B      ',	'INFS220',	'1     ',	2012,	'112',	'78 ',	9,	1,	'2889623'),
('A      ',	'INFS220',	'1     ',	2013,	'112',	'78 ',	8,	1,	'2889623'),
('B      ',	'INFS220',	'1     ',	2013,	'112',	'78 ',	9,	1,	'2889623'),
('A      ',	'INFS220',	'1     ',	2014,	'112',	'78 ',	8,	1,	'2889623'),
('B      ',	'INFS220',	'1     ',	2014,	'112',	'78 ',	9,	1,	'2889623'),
('A      ',	'INFS220',	'1     ',	2015,	'112',	'78 ',	8,	1,	'2889623'),
('B      ',	'INFS220',	'1     ',	2015,	'112',	'78 ',	9,	1,	'2889623'),
('A      ',	'COMP200',	'1     ',	2012,	'289',	'78 ',	10,	1,	'2230122'),
('B      ',	'COMP200',	'1     ',	2012,	'289',	'78 ',	14,	1,	'2230122'),
('A      ',	'COMP200',	'1     ',	2013,	'289',	'78 ',	10,	1,	'2230122'),
('B      ',	'COMP200',	'1     ',	2013,	'289',	'78 ',	14,	1,	'2230122'),
('A      ',	'COMP200',	'1     ',	2014,	'289',	'78 ',	10,	1,	'2230122'),
('B      ',	'COMP200',	'1     ',	2014,	'289',	'78 ',	14,	1,	'2230122'),
('A      ',	'COMP200',	'1     ',	2015,	'289',	'78 ',	10,	1,	'2230122'),
('B      ',	'COMP200',	'1     ',	2015,	'289',	'78 ',	14,	1,	'2230122'),
('A      ',	'COMP210',	'1     ',	2012,	'350',	'78 ',	14,	1,	'2300256'),
('B      ',	'COMP210',	'1     ',	2012,	'350',	'78 ',	12,	1,	'2300256'),
('A      ',	'COMP210',	'1     ',	2013,	'350',	'78 ',	14,	1,	'2300256'),
('B      ',	'COMP210',	'1     ',	2013,	'350',	'78 ',	12,	1,	'2300256'),
('A      ',	'COMP210',	'1     ',	2014,	'350',	'78 ',	14,	1,	'2300256'),
('B      ',	'COMP210',	'1     ',	2014,	'350',	'78 ',	12,	1,	'2300256'),
('A      ',	'COMP210',	'1     ',	2015,	'350',	'78 ',	14,	1,	'2300256'),
('B      ',	'COMP210',	'1     ',	2015,	'350',	'78 ',	12,	1,	'2300256'),
('A      ',	'COMP280',	'1     ',	2012,	'277',	'78 ',	11,	1,	'2522102'),
('B      ',	'COMP280',	'1     ',	2012,	'277',	'78 ',	14,	1,	'2522102'),
('A      ',	'COMP280',	'1     ',	2013,	'277',	'78 ',	11,	1,	'2522102'),
('B      ',	'COMP280',	'1     ',	2013,	'277',	'78 ',	14,	1,	'2522102'),
('A      ',	'COMP280',	'1     ',	2014,	'277',	'78 ',	11,	1,	'2522102'),
('B      ',	'COMP280',	'1     ',	2014,	'277',	'78 ',	14,	1,	'2522102'),
('A      ',	'COMP280',	'1     ',	2015,	'277',	'78 ',	11,	1,	'2522102'),
('B      ',	'COMP280',	'1     ',	2015,	'277',	'78 ',	14,	1,	'2522102'),
('A      ',	'COMS200',	'2     ',	2012,	'311',	'78 ',	13,	1,	'2988567'),
('B      ',	'COMS200',	'2     ',	2012,	'311',	'78 ',	14,	1,	'2988567'),
('A      ',	'COMS200',	'2     ',	2013,	'311',	'78 ',	13,	1,	'2988567'),
('B      ',	'COMS200',	'2     ',	2013,	'311',	'78 ',	14,	1,	'2988567'),
('A      ',	'COMS200',	'2     ',	2014,	'311',	'78 ',	13,	1,	'2988567'),
('B      ',	'COMS200',	'2     ',	2014,	'311',	'78 ',	14,	1,	'2988567'),
('A      ',	'COMS200',	'2     ',	2015,	'311',	'78 ',	13,	1,	'2988567'),
('B      ',	'COMS200',	'2     ',	2015,	'311',	'78 ',	14,	1,	'2988567'),
('A      ',	'COMP230',	'2     ',	2012,	'473',	'78 ',	11,	1,	'2633512'),
('B      ',	'COMP230',	'2     ',	2012,	'473',	'78 ',	16,	1,	'2633512'),
('A      ',	'COMP230',	'2     ',	2013,	'473',	'78 ',	11,	1,	'2633512'),
('B      ',	'COMP230',	'2     ',	2013,	'473',	'78 ',	16,	1,	'2633512'),
('A      ',	'COMP230',	'2     ',	2014,	'473',	'78 ',	11,	1,	'2633512'),
('B      ',	'COMP230',	'2     ',	2014,	'473',	'78 ',	16,	1,	'2633512'),
('A      ',	'COMP230',	'2     ',	2015,	'473',	'78 ',	11,	1,	'2633512'),
('B      ',	'COMP230',	'2     ',	2015,	'473',	'78 ',	16,	1,	'2633512'),
('A      ',	'COMP230',	'2     ',	2012,	'474',	'78 ',	8,	1,	'2633541'),
('B      ',	'COMP230',	'2     ',	2012,	'474',	'78 ',	16,	1,	'2633541'),
('A      ',	'COMP230',	'2     ',	2013,	'474',	'78 ',	8,	1,	'2633541'),
('B      ',	'COMP230',	'2     ',	2013,	'474',	'78 ',	16,	1,	'2633541'),
('A      ',	'COMP230',	'2     ',	2014,	'474',	'78 ',	8,	1,	'2633541'),
('B      ',	'COMP230',	'2     ',	2014,	'474',	'78 ',	16,	1,	'2633541'),
('A      ',	'COMP230',	'2     ',	2015,	'474',	'78 ',	8,	1,	'2633541'),
('B      ',	'COMP230',	'2     ',	2015,	'474',	'78 ',	16,	1,	'2633541'),
('A      ',	'COMP250',	'2     ',	2012,	'551',	'78 ',	9,	1,	'2366485'),
('B      ',	'COMP250',	'2     ',	2012,	'551',	'78 ',	11,	1,	'2366485'),
('A      ',	'COMP250',	'2     ',	2013,	'551',	'78 ',	9,	1,	'2366485'),
('B      ',	'COMP250',	'2     ',	2013,	'551',	'78 ',	11,	1,	'2366485'),
('A      ',	'COMP250',	'2     ',	2014,	'551',	'78 ',	9,	1,	'2366485'),
('B      ',	'COMP250',	'2     ',	2014,	'551',	'78 ',	11,	1,	'2366485'),
('A      ',	'COMP250',	'2     ',	2015,	'551',	'78 ',	9,	1,	'2366485'),
('B      ',	'COMP250',	'2     ',	2015,	'551',	'78 ',	11,	1,	'2366485'),
('A      ',	'INFS310',	'1     ',	2012,	'630',	'78 ',	16,	1,	'2522563'),
('B      ',	'INFS310',	'1     ',	2012,	'630',	'78 ',	17,	1,	'2522563'),
('A      ',	'INFS310',	'1     ',	2013,	'630',	'78 ',	16,	1,	'2522563'),
('B      ',	'INFS310',	'1     ',	2013,	'630',	'78 ',	17,	1,	'2522563'),
('A      ',	'INFS310',	'1     ',	2014,	'630',	'78 ',	16,	1,	'2522563'),
('B      ',	'INFS310',	'1     ',	2014,	'630',	'78 ',	17,	1,	'2522563'),
('A      ',	'INFS310',	'1     ',	2015,	'630',	'78 ',	16,	1,	'2522563'),
('B      ',	'INFS310',	'1     ',	2015,	'630',	'78 ',	17,	1,	'2522563'),
('A      ',	'INFS320',	'1     ',	2012,	'555',	'78 ',	12,	1,	'2322001'),
('B      ',	'INFS320',	'1     ',	2012,	'555',	'78 ',	13,	1,	'2322001'),
('A      ',	'INFS320',	'1     ',	2013,	'555',	'78 ',	12,	1,	'2322001'),
('B      ',	'INFS320',	'1     ',	2013,	'555',	'78 ',	13,	1,	'2322001'),
('A      ',	'INFS320',	'1     ',	2014,	'555',	'78 ',	12,	1,	'2322001'),
('B      ',	'INFS320',	'1     ',	2014,	'555',	'78 ',	13,	1,	'2322001'),
('A      ',	'INFS320',	'1     ',	2015,	'555',	'78 ',	12,	1,	'2322001'),
('B      ',	'INFS320',	'1     ',	2015,	'555',	'78 ',	13,	1,	'2322001'),
('A      ',	'COMP320',	'1     ',	2012,	'121',	'78 ',	8,	1,	'2896653'),
('B      ',	'COMP320',	'1     ',	2012,	'121',	'78 ',	13,	1,	'2896653'),
('A      ',	'COMP320',	'1     ',	2013,	'121',	'78 ',	8,	1,	'2896653'),
('B      ',	'COMP320',	'1     ',	2013,	'121',	'78 ',	13,	1,	'2896653'),
('A      ',	'COMP320',	'1     ',	2014,	'121',	'78 ',	8,	1,	'2896653'),
('B      ',	'COMP320',	'1     ',	2014,	'121',	'78 ',	13,	1,	'2896653'),
('A      ',	'COMP320',	'1     ',	2015,	'121',	'78 ',	8,	1,	'2896653'),
('B      ',	'COMP320',	'1     ',	2015,	'121',	'78 ',	13,	1,	'2896653'),
('A      ',	'COMP320',	'1     ',	2012,	'227',	'78 ',	13,	1,	'3255014'),
('B      ',	'COMP320',	'1     ',	2012,	'227',	'78 ',	14,	1,	'3255014'),
('A      ',	'COMP320',	'1     ',	2013,	'227',	'78 ',	13,	1,	'3255014'),
('B      ',	'COMP320',	'1     ',	2013,	'227',	'78 ',	14,	1,	'3255014'),
('A      ',	'COMP320',	'1     ',	2014,	'227',	'78 ',	13,	1,	'3255014'),
('B      ',	'COMP320',	'1     ',	2014,	'227',	'78 ',	14,	1,	'3255014'),
('A      ',	'COMP320',	'1     ',	2015,	'227',	'78 ',	13,	1,	'3255014'),
('B      ',	'COMP320',	'1     ',	2015,	'227',	'78 ',	14,	1,	'3255014'),
('A      ',	'COMS310',	'2     ',	2012,	'441',	'78 ',	8,	1,	'2256232'),
('B      ',	'COMS310',	'2     ',	2012,	'441',	'78 ',	9,	1,	'2256232'),
('A      ',	'COMS310',	'2     ',	2013,	'441',	'78 ',	8,	1,	'2256232'),
('B      ',	'COMS310',	'2     ',	2013,	'441',	'78 ',	9,	1,	'2256232'),
('A      ',	'COMS310',	'2     ',	2014,	'441',	'78 ',	8,	1,	'2256232'),
('B      ',	'COMS310',	'2     ',	2014,	'441',	'78 ',	9,	1,	'2256232'),
('A      ',	'COMS310',	'2     ',	2015,	'441',	'78 ',	8,	1,	'2256232'),
('B      ',	'COMS310',	'2     ',	2015,	'441',	'78 ',	9,	1,	'2256232'),
('A      ',	'COMP330',	'2     ',	2012,	'298',	'78 ',	10,	1,	'2500325'),
('B      ',	'COMP330',	'2     ',	2012,	'298',	'78 ',	16,	1,	'2500325'),
('A      ',	'COMP330',	'2     ',	2013,	'298',	'78 ',	10,	1,	'2500325'),
('B      ',	'COMP330',	'2     ',	2013,	'298',	'78 ',	16,	1,	'2500325'),
('A      ',	'COMP330',	'2     ',	2014,	'298',	'78 ',	10,	1,	'2500325'),
('B      ',	'COMP330',	'2     ',	2014,	'298',	'78 ',	16,	1,	'2500325'),
('A      ',	'COMP330',	'2     ',	2015,	'298',	'78 ',	10,	1,	'2500325'),
('B      ',	'COMP330',	'2     ',	2015,	'298',	'78 ',	16,	1,	'2500325'),
('A      ',	'COMP340',	'2     ',	2012,	'365',	'78 ',	11,	1,	'2335152'),
('B      ',	'COMP340',	'2     ',	2012,	'365',	'78 ',	12,	1,	'2335152'),
('A      ',	'COMP340',	'2     ',	2013,	'365',	'78 ',	11,	1,	'2335152'),
('B      ',	'COMP340',	'2     ',	2013,	'365',	'78 ',	12,	1,	'2335152'),
('A      ',	'COMP340',	'2     ',	2014,	'365',	'78 ',	11,	1,	'2335152'),
('B      ',	'COMP340',	'2     ',	2014,	'365',	'78 ',	12,	1,	'2335152'),
('A      ',	'COMP340',	'2     ',	2015,	'365',	'78 ',	11,	1,	'2335152'),
('B      ',	'COMP340',	'2     ',	2015,	'365',	'78 ',	12,	1,	'2335152'),
('A      ',	'COMP340',	'2     ',	2012,	'377',	'78 ',	19,	1,	'2130025'),
('B      ',	'COMP340',	'2     ',	2012,	'377',	'78 ',	20,	1,	'2130025'),
('A      ',	'COMP340',	'2     ',	2013,	'377',	'78 ',	19,	1,	'2130025'),
('B      ',	'COMP340',	'2     ',	2013,	'377',	'78 ',	20,	1,	'2130025'),
('A      ',	'COMP340',	'2     ',	2014,	'377',	'78 ',	19,	1,	'2130025'),
('B      ',	'COMP340',	'2     ',	2014,	'377',	'78 ',	20,	1,	'2130025'),
('A      ',	'COMP340',	'2     ',	2015,	'377',	'78 ',	19,	1,	'2130025'),
('B      ',	'COMP340',	'2     ',	2015,	'377',	'78 ',	20,	1,	'2130025'),
('A      ',	'INFS410',	'1     ',	2012,	'210',	'78 ',	8,	1,	'2088564'),
('B      ',	'INFS410',	'1     ',	2012,	'210',	'78 ',	12,	1,	'2088564'),
('A      ',	'INFS410',	'1     ',	2013,	'210',	'78 ',	8,	1,	'2088564'),
('B      ',	'INFS410',	'1     ',	2013,	'210',	'78 ',	12,	1,	'2088564'),
('A      ',	'INFS410',	'1     ',	2014,	'210',	'78 ',	8,	1,	'2088564'),
('B      ',	'INFS410',	'1     ',	2014,	'210',	'78 ',	12,	1,	'2088564'),
('A      ',	'INFS410',	'1     ',	2015,	'210',	'78 ',	8,	1,	'2088564'),
('B      ',	'INFS410',	'1     ',	2015,	'210',	'78 ',	12,	1,	'2088564'),
('A      ',	'INFS420',	'1     ',	2012,	'345',	'78 ',	13,	1,	'2011526'),
('B      ',	'INFS420',	'1     ',	2012,	'345',	'78 ',	14,	1,	'2011526'),
('A      ',	'INFS420',	'1     ',	2013,	'345',	'78 ',	13,	1,	'2011526'),
('B      ',	'INFS420',	'1     ',	2013,	'345',	'78 ',	14,	1,	'2011526'),
('A      ',	'INFS420',	'1     ',	2014,	'345',	'78 ',	13,	1,	'2011526'),
('B      ',	'INFS420',	'1     ',	2014,	'345',	'78 ',	14,	1,	'2011526'),
('A      ',	'INFS420',	'1     ',	2015,	'345',	'78 ',	13,	1,	'2011526'),
('B      ',	'INFS420',	'1     ',	2015,	'345',	'78 ',	14,	1,	'2011526'),
('A      ',	'COMP460',	'1     ',	2012,	'227',	'78 ',	8,	1,	'2011236'),
('B      ',	'COMP460',	'1     ',	2012,	'227',	'78 ',	16,	1,	'2011236'),
('A      ',	'COMP460',	'1     ',	2013,	'227',	'78 ',	8,	1,	'2011236'),
('B      ',	'COMP460',	'1     ',	2013,	'227',	'78 ',	16,	1,	'2011236'),
('A      ',	'COMP460',	'1     ',	2014,	'227',	'78 ',	8,	1,	'2011236'),
('B      ',	'COMP460',	'1     ',	2014,	'227',	'78 ',	16,	1,	'2011236'),
('A      ',	'COMP460',	'1     ',	2015,	'227',	'78 ',	8,	1,	'2011236'),
('B      ',	'COMP460',	'1     ',	2015,	'227',	'78 ',	16,	1,	'2011236'),
('A      ',	'COMP460',	'1     ',	2012,	'852',	'78 ',	9,	1,	'2001526'),
('B      ',	'COMP460',	'1     ',	2012,	'852',	'78 ',	11,	1,	'2001526'),
('A      ',	'COMP460',	'1     ',	2013,	'852',	'78 ',	9,	1,	'2001526'),
('B      ',	'COMP460',	'1     ',	2013,	'852',	'78 ',	11,	1,	'2001526'),
('A      ',	'COMP460',	'1     ',	2014,	'852',	'78 ',	9,	1,	'2001526'),
('B      ',	'COMP460',	'1     ',	2014,	'852',	'78 ',	11,	1,	'2001526'),
('A      ',	'COMP460',	'1     ',	2015,	'852',	'78 ',	9,	1,	'2001526'),
('B      ',	'COMP460',	'1     ',	2015,	'852',	'78 ',	11,	1,	'2001526'),
('A      ',	'COMS410',	'2     ',	2012,	'113',	'78 ',	13,	1,	'2889623'),
('B      ',	'COMS410',	'2     ',	2012,	'113',	'78 ',	11,	1,	'2889623'),
('A      ',	'COMS410',	'2     ',	2013,	'113',	'78 ',	13,	1,	'2889623'),
('B      ',	'COMS410',	'2     ',	2013,	'113',	'78 ',	11,	1,	'2889623'),
('A      ',	'COMS410',	'2     ',	2014,	'113',	'78 ',	13,	1,	'2889623'),
('B      ',	'COMS410',	'2     ',	2014,	'113',	'78 ',	11,	1,	'2889623'),
('A      ',	'COMS410',	'2     ',	2015,	'113',	'78 ',	13,	1,	'2889623'),
('B      ',	'COMS410',	'2     ',	2015,	'113',	'78 ',	11,	1,	'2889623'),
('A      ',	'COMP460',	'2     ',	2012,	'333',	'78 ',	10,	1,	'2230122'),
('B      ',	'COMP460',	'2     ',	2012,	'333',	'78 ',	13,	1,	'2230122'),
('A      ',	'COMP460',	'2     ',	2013,	'333',	'78 ',	10,	1,	'2230122'),
('B      ',	'COMP460',	'2     ',	2013,	'333',	'78 ',	13,	1,	'2230122'),
('A      ',	'COMP460',	'2     ',	2014,	'333',	'78 ',	10,	1,	'2230122'),
('B      ',	'COMP460',	'2     ',	2014,	'333',	'78 ',	13,	1,	'2230122'),
('A      ',	'COMP460',	'2     ',	2015,	'333',	'78 ',	10,	1,	'2230122'),
('B      ',	'COMP460',	'2     ',	2015,	'333',	'78 ',	13,	1,	'2230122'),
('A      ',	'COMP450',	'2     ',	2012,	'363',	'78 ',	9,	1,	'2300256'),
('B      ',	'COMP450',	'2     ',	2012,	'363',	'78 ',	16,	1,	'2300256'),
('A      ',	'COMP450',	'2     ',	2013,	'363',	'78 ',	9,	1,	'2300256'),
('B      ',	'COMP450',	'2     ',	2013,	'363',	'78 ',	16,	1,	'2300256'),
('A      ',	'COMP450',	'2     ',	2014,	'363',	'78 ',	9,	1,	'2300256'),
('B      ',	'COMP450',	'2     ',	2014,	'363',	'78 ',	16,	1,	'2300256'),
('A      ',	'COMP450',	'2     ',	2015,	'363',	'78 ',	9,	1,	'2300256'),
('B      ',	'COMP450',	'2     ',	2015,	'363',	'78 ',	16,	1,	'2300256'),
('A      ',	'COMP440',	'2     ',	2012,	'450',	'78 ',	10,	1,	'2522102'),
('B      ',	'COMP440',	'2     ',	2012,	'450',	'78 ',	11,	1,	'2522102'),
('A      ',	'COMP440',	'2     ',	2013,	'450',	'78 ',	10,	1,	'2522102'),
('B      ',	'COMP440',	'2     ',	2013,	'450',	'78 ',	11,	1,	'2522102'),
('A      ',	'COMP440',	'2     ',	2014,	'450',	'78 ',	10,	1,	'2522102'),
('B      ',	'COMP440',	'2     ',	2014,	'450',	'78 ',	11,	1,	'2522102'),
('A      ',	'COMP440',	'2     ',	2015,	'450',	'78 ',	10,	1,	'2522102'),
('B      ',	'COMP440',	'2     ',	2015,	'450',	'78 ',	11,	1,	'2522102');

CREATE TABLE `Undergraduate_no_Thesis` (
  `student_no` varchar(7) NOT NULL
) ENGINE=InnoDB DEFAULT CHARSET=utf8;

INSERT INTO `Undergraduate_no_Thesis` (`student_no`) VALUES
('3012120'),
('3056854'),
('3996587'),
('3114524'),
('3225641'),
('3669854'),
('3232698'),
('3444785'),
('3371528'),
('3326558');

CREATE TABLE `Undergraduate_Thesis` (
  `student_no` varchar(7) NOT NULL,
  `primary_supervisor_no` varchar(7) NOT NULL,
  `co_supervisor_no` varchar(7) NOT NULL,
  `thesis_title` varchar(31) NOT NULL
) ENGINE=InnoDB DEFAULT CHARSET=utf8;

INSERT INTO `Undergraduate_Thesis` (`student_no`, `primary_supervisor_no`, `co_supervisor_no`, `thesis_title`) VALUES
('3325415',	'2256232',	'2011236',	'Communication Networks        '),
('3225684',	'2500325',	'2001526',	'Netgear Problems              '),
('3222215',	'2335152',	'2889623',	'Pairwise Computing            '),
('3665982',	'2088564',	'2300256',	'Coaxial Communication         '),
('3226511',	'2256232',	'2011236',	'Database Springs              '),
('3002100',	'2256232',	'2889623',	'Screen Performance            '),
('3665256',	'2335152',	'2230122',	'RAM speeds                    '),
('3220012',	'2130025',	'2011236',	'Keyboard Comparisons          '),
('3002569',	'2500325',	'2300256',	'Mouse Productivity            '),
('3444852',	'2256232',	'2001526',	'Harddrive Speeds              '),
('3325415',	'2366485',	'2011236',	'REMOVE');
